id,label
b48c962e0,67
a13d3dfa4,45
94269c190,93
bcb18c6e4,74
d15a4d94c,73
914b0e71b,69
065c9b5be,68
dd8b1aaca,4
8c39d1b41,43
e2fdce920,65
3af4c8105,63
2c73bd62a,67
9e4dee17e,52
6d75535dd,70
a71e2481c,13
7d9caf815,103
a31b18ea9,68
28bab70cd,30
5954973f3,75
441c13b73,53
0f340c3cf,103
cd16a306c,76
75e6b445c,82
6429d59a3,57
5184d47b8,49
4fc561f03,49
43b2ec735,40
aca9ab734,77
5607b2020,81
93efa8927,103
e71ab3905,86
b1041fc0d,56
6fcfa47b3,74
2118eb37b,0
dde1f48c9,43
c1ed4ef6e,74
063528d00,18
de8795ddd,4
26d1f0e73,48
f56f35811,10
698eea745,50
1dae04aa5,59
15409e0d2,49
f437c8815,69
f04b99dcf,67
ebc7ae3b0,80
ac114952e,72
0667667be,86
f1b2738d0,73
589fe7959,48
97ccf888c,13
6ef0b83d0,51
3ca2ee97f,14
e6e68b7da,73
0c3ae4377,49
c86b6ee78,91
c8baf7ea1,93
0eb530d0d,45
e0bf00d7a,93
23620cfdf,102
e33bff353,4
04a7f34aa,67
74f0d70ef,50
cac4474ff,50
1d24f052a,59
a078d515d,7
4ca32d7d8,13
87c39a44d,67
035f7cb0e,103
eea95e8a8,102
68e87d794,25
a8b46288f,73
db9eca137,76
e576b00a5,62
70e6b4f07,53
bca706d7b,102
2a0a2ea23,94
eb64f3c3f,0
2198f8dae,73
a5d4584c3,48
8e59ed760,67
3eaf5a947,64
500c6294c,7
5622bbc0c,11
26844c8f3,83
2a158f54c,49
ebf692344,49
1c5a3287d,103
7a6ba7fc8,25
b0f2342ea,53
2e0dbcfbb,67
b94381f7b,81
ac28e9c47,24
c18fddc3d,91
462eb88e2,78
9e7060f60,7
afa3fc6ce,103
8e2bff6c6,0
b27c04f88,12
f61465618,4
a6dbbc248,103
d93bfff1d,99
79cde037e,64
c9cb86f46,13
24cc36b04,75
946f97527,77
24526b077,49
f421c6ffc,67
ba2d603c3,0
f92de8523,95
14ffc1505,56
9b9dcd9c2,43
a3d8cc563,4
2dba0571f,13
ce97c8026,73
6ec67346d,69
3d4a5ad3e,25
bed5e7833,74
a5ae66568,90
e8978b192,73
e9b9e8a26,53
b106e1623,49
4a41ae5e8,12
71a787fb9,67
43975ba66,41
f21bd29f5,82
b25179fca,79
85d27a16a,54
0b027c740,18
8ab688113,5
af8f3cceb,4
cc9d66275,103
48689d750,49
c515db368,103
f8933e5d2,102
68e8b6b9a,49
c0fb3bed8,68
818253773,4
a0faa7276,91
702b7fc70,67
e9a53e9fa,49
8ef339ee7,0
4955fcb53,47
7eaa17466,27
0b624f751,7
8073355bd,28
ab8add1c1,60
4cc87897b,49
1d1f028b2,49
32bd3826f,53
57b90f0d7,4
fe824e9b2,49
a405112f8,103
9ebc88cdc,81
9a8d29f7b,46
75d255458,103
aa5c575fd,49
4ea0a3352,53
aa8eef48e,47
6a63a8764,53
8faa5deef,53
d60582d88,73
b4eb26098,16
4d20e5f0e,88
eed32e9a6,50
85f511409,4
e178e1fbb,48
f9731b808,79
2b1ceb24c,75
6ca8991a6,13
f21f7aba6,4
ad62f8d41,75
1e9cf8264,67
9704969a7,35
9a6e4aacd,48
f2db90ee7,98
750bae291,9
ef123cabd,49
2fa8f8b85,83
61b1040d7,46
aaef221e7,50
36f02d6c2,4
1c435d13c,67
597beba89,73
70cbc35a5,55
eaf6fbc84,36
bd0d92568,74
2772dab8f,39
7723a9059,68
be3873f5d,48
a51abdf4f,75
e6135dd8f,4
e3d055215,80
5bc1503a0,93
006afe0ef,41
fb87ee5a3,79
f9de43fb7,68
aeb1a52fc,49
53cf1033d,103
39e216b40,29
d6fba1863,73
359c8a8bf,48
b9ff3b500,47
13c92db23,49
50df03fb2,7
341b65192,3
1c4736dea,90
260517e44,24
c3194a1e8,86
deb571149,65
2bf06cd03,75
e4f8cae75,14
315a148f3,23
48bf5c6c5,75
ec51d8607,67
f18412796,67
25f594d35,67
79423d8e8,88
8a904fdea,102
8d4598be0,73
42b92a427,1
4bbb6638f,4
477aa8655,103
4c4c216fb,72
23ee9f44b,49
72f51631f,102
53fb48abe,49
2b5d0e5c2,49
c0a83f8bf,100
195bacee1,72
8eed96f65,53
c0de46b28,77
ebb1d9137,100
6821046ee,91
5b229190a,76
0251a7082,67
0c79ae44d,59
92c92500a,13
4479d35f0,74
f809ac529,97
2cfc6468e,13
7c30e1a81,48
ea32570af,51
f8b20dc7f,4
bd049d019,103
c85a1d564,78
8935eaabe,68
92a289926,73
910b97274,73
2cdb115b6,71
7d3786848,48
26d1c3498,48
40da3a46b,7
3b79d913d,48
9ca5d93d0,60
4d05e9395,80
fc6b8b594,4
9989acdc6,79
eb0a53a24,67
374c54182,51
dcb79c93a,73
30e522542,90
47f47a868,25
8e390cb4a,4
976e6375e,68
577a972a4,91
9dfd91c6f,73
18e4061dc,39
b738a5ab0,25
23253eaed,93
6939eb499,0
964412965,77
a564e4f51,30
3c4dd2705,12
be007fe7e,67
03edb6308,68
2ca0a45cd,89
411394fae,22
22207b7e5,87
ef799e46d,103
4863d1e67,102
b022bab0f,4
6a1f788d6,53
0a159c5f5,91
eb6dbc774,42
b1adced44,59
d25115245,46
b86044a66,4
625ea352f,13
de882d4e8,0
c1553af6a,13
2e21540ac,73
46656822b,64
048fe3ca8,93
f7f17ae72,53
687997bb5,87
3231b476a,73
20b4cff1d,39
4e933f65c,4
1c4a00029,48
c0e7198e2,13
b2d223ece,46
333b45bf1,103
ee40fc4e5,4
bf3116d78,102
c54530ff1,47
805a4dfb6,83
118a60f12,103
330cc9d05,53
3552b2954,4
90956475c,102
57bbb106e,53
046b83571,82
b0e07a930,49
778c53136,73
690f47487,49
4e3b3b3cd,52
505472dd2,24
6d7ff30b8,103
e955870c5,51
cb225cfe6,95
e64905c2f,91
11b363237,73
3a6847333,48
a5566ef23,54
26bfb56fa,52
aedb03983,78
1b0d7769d,103
486715238,72
9679190dd,102
a5d301249,54
f05894941,0
c6ce2c1ae,49
95ca52d65,0
7859791b2,47
b547b5949,39
9403b3f86,83
5bddd9a50,52
535695fe2,53
c3f6cd0e0,67
e9a2109c0,71
bc2795b7c,49
ee3c0e393,53
b4663783a,77
00e3084c1,86
e14129a0d,48
fb60964fd,43
35f0035c1,4
3ff83ac2a,87
19248ab83,48
1eabd5622,82
7bc968caf,4
41cbb748c,4
a63f52d9e,48
caa9982e3,90
e7bda0661,48
d483748e6,51
0cea1df9c,51
58ff8f465,11
ef26ad662,47
ce934c0dc,67
62c459f66,103
f616c93fb,102
ed601a04f,43
2e494a369,82
d17ef4e5e,9
b87d8fec4,67
0a383f1bb,48
7dc21298b,95
f0f03b04d,48
a68584f39,53
142929b13,13
87de4333d,87
6d61341a8,103
5629fc992,4
5dac2f949,94
8c434769b,94
83bb94c90,83
241a96f41,67
147c34f21,24
95f734b2e,53
64e5e148e,4
d1993c898,9
565242c3b,103
0dc507ad4,53
b260d939d,77
61f976a63,47
f89a5307c,4
15ef197c6,68
88fdcd071,103
a67c5bc5b,29
57af706df,18
2e1a7e4a8,93
2dfc47c2c,4
2043fd8b7,70
721e72651,103
551f3af3f,103
f87390b13,43
9f69713aa,71
3f3280fd7,13
f10545931,52
88621ac35,71
f0da19dfd,76
b1fd7a2a2,68
467025843,103
b3541d83a,86
f0e6a679a,53
d982b80ea,42
6a2552916,90
d8c46cf4b,47
b983a51bd,64
16c7a397f,39
0a4ddf5c2,76
6144fcc9c,28
897a2400b,78
f281ef28e,103
bcb73b724,103
9fe8be4ac,103
e68152d61,49
a1d2cd9b9,94
c4e7f3aff,45
735783bb8,49
66cf381b9,103
d4bfe24fb,45
fb02c411b,26
515ccfe7d,67
0de5f6578,94
64a1bdd75,103
bda7820cb,90
4adcfb275,73
407b393a9,0
cc3b595bc,4
f62c0973f,103
c3af619d3,67
fa43f67ed,49
4fe029378,49
e6798651a,49
8f9a206cd,67
1b07b0a53,37
4ea7f54f5,75
bfdf112fe,49
155727e57,53
26b07058c,10
69bdf9905,67
8872018f5,51
116b7f1b1,68
2c8b6d457,103
b731c25d6,79
e8475ad43,86
ce72a44fe,68
274f4bd2e,55
393d8efdd,17
da4c0be52,9
5245d1288,48
5a80d4beb,67
245d80d97,87
8893d08a2,100
5f274a6ad,68
2b403205a,73
cb3ffeb02,5
026d4082b,79
b5fd782ee,80
7eaff7aff,28
48b84677d,49
4208f72ba,69
cffa0410e,77
57c0bd843,89
028852549,25
8899f1bd1,0
8b4b27e9e,10
f3c88b910,75
8d53d2814,81
2a914ceb8,53
f1b4ba5bf,73
81d39b116,53
093f50986,4
e1499d78e,53
bb88f386b,103
dd959de66,14
d4c0f8a5a,103
5b1353d71,92
0d97ef626,28
812b38844,103
f6c766f77,50
51507f7ff,40
3f36a62d5,37
a9855f136,63
8b7fbfa1a,67
76bb433ee,82
8cd1b6545,67
a8de792e9,97
3ef916a55,34
2bf69c9a8,47
563a8d7df,86
1cccba04f,53
cb80e17f2,10
97b3e2eb1,9
1837b91e3,32
629160ccc,45
e45a03866,24
408db7399,53
05e218a53,53
c77e635e6,4
1314201bc,77
6e60eef45,49
d3f044336,49
58379dae0,74
7e512d140,4
7c2d22784,4
bb1e822e8,53
13330e605,4
38331a6e7,67
691acc46f,68
d5b91872e,91
0e6cad3b3,75
355abfa16,49
5e0da2b1f,50
18ca651a1,4
ef21b581b,90
c5ab18c87,49
3d7e6922e,43
f811b7fa3,103
c232077ef,67
c245c24bd,57
f4c6d5b0d,29
33f20f40b,47
f8b87bb44,54
dd14b70c4,7
ae78a484f,50
95e7165a3,53
5464a7e4b,67
0aeacb28f,73
8a4293e72,62
b52dcfa52,49
754eab3b5,71
7e25fdd6e,24
f033adb55,68
6074e6638,90
0a38b5a6f,91
6ad636b14,13
179aa8d61,53
33b9d73b8,103
a45f859f5,103
7c734cbb4,94
2fafd906d,67
44d4d79f1,45
9824cd034,13
0542511ad,73
e70be746d,68
808071b96,14
978d9e4ce,56
4b69e4daa,95
0ed0741d4,51
7cb805a4b,57
49add67af,49
d482c8cf2,17
4994522d9,102
e1e7f8c61,72
610314687,53
b811b25c9,68
911ecfaec,72
42e378280,51
8f7576edf,82
3f4d7610c,77
ba9e33af2,69
eda20ddee,8
c82e8a869,24
832b85df9,103
c2915a59d,50
32d710e55,53
6d8432929,102
0c7c4d0a7,41
e82201f68,5
df17daf47,68
88735317f,56
2c2ffb258,5
464ee7908,76
bdccd8d94,47
7afcf9660,71
b4f324422,54
8c7950b1e,67
657464c72,63
4149127b2,73
c145a87d1,53
8a428ab24,4
23a39f766,41
39df767ca,59
c563c699e,53
0b982469b,80
7d5d89bf4,4
0b75f1f48,49
0698ae8e2,5
06d517e80,73
8d2b32b02,4
fef98a71f,74
405bb5363,27
147e5ef99,41
e557fab37,43
cc0db3719,68
cf1fb187a,67
19e44b02f,83
0a7989f52,59
bd6862590,69
b82ecce8e,103
42ec55913,88
d35565c6c,10
097dde704,53
4bd6a1f9a,83
b8bfa2b50,5
f77e765b4,83
517ed388b,67
31ad8f4ab,97
570029ba3,6
6ecd0b17f,53
329d815e5,30
5ea36cf54,67
bf7e00572,103
c87c12901,58
dc2ff7073,49
fda794abb,72
8fa62ef13,19
06bfec1b7,43
7273b1c6e,28
68caf79b9,97
d9d483387,12
e68ff576e,48
a388602fe,102
24be941cd,4
9a1e64ece,4
d146e8595,92
ae6ab4563,47
f34e6c4db,45
4bf799dba,77
a829407c3,81
bd1dbe4ca,94
aa560af38,67
b59846a6c,4
4bfdf517d,14
609230590,49
28b08d407,103
6575f6563,46
192bbbbda,94
7f0c3fad6,50
a4513ca36,15
c8cacb55a,32
9dfb86d81,46
f14b84f95,90
ec6b3bff4,82
757e27b6b,14
8f7809cb4,74
150643baf,4
413305146,90
47664da16,76
587e44cea,0
7e8b191e8,102
edf6883b2,74
c78e06bc9,103
529e8c1cc,12
3522d5b4e,47
2ddbb0f83,0
875d61521,0
3dd834459,91
924218498,50
ae8e8b50a,25
059ee98dd,95
7059b2c59,68
6ee6d6c48,67
cf3bba4c2,7
8cccd4aa7,103
32aa8548d,103
edc3e9332,53
704dfd7e8,1
d1edcd33e,67
4f5a0a2a6,43
d228d4fca,49
c46b163d8,53
d970c4ffc,67
837a91c2e,94
101970f4e,102
1b7aef8e8,7
94cf9944d,47
5ac5273a9,12
5e6e5030a,4
f5aa796ed,74
563f7b16f,93
8cb48a7e4,76
c323bee87,43
9c158e3c6,31
5df38050a,50
f38fe4cef,29
a1a26657a,41
9b444719b,53
4abbf6ecd,67
6fd484575,9
7405dd1d5,4
80b87cc06,70
509570780,13
03091fb7a,75
7d32579d5,46
4a99afdbb,43
21c09e349,103
be30d241b,75
07550addf,48
985c8a491,18
4831ae48a,27
789f0394a,43
7e8d0ab34,80
8967f7f3b,18
f85c3cd52,80
c1f7fad28,13
88e754f35,93
064d949d6,82
a666bcc36,25
3dd3823ba,30
346182497,28
7f4a2f594,103
41dddedd7,53
aab7f897d,67
374452b3b,49
97947bb82,73
08820c254,29
00c12e4ff,103
11b0ea314,68
c337a455d,49
303979023,47
cfebc1eb9,83
c2b8d96b7,75
a7bb097c3,48
abf7ceca6,49
7bfaa6c93,4
32d9fa7d1,88
69a3de639,73
e0151da58,103
42d890962,67
346d6fc1c,103
ac3ed3cb8,7
c0edbe84c,72
9ba782fba,73
59c2eeeb0,86
5e0e038e0,48
d4c65214c,14
f4dd28145,67
a794b05cd,21
6c80cfb8c,77
e210dc4ed,45
f69e60044,50
7ad932a97,55
6348a7b61,34
65b44f1fd,53
2c54bc2fb,30
eedc4e2f1,103
3accec78a,53
b846a9ee6,75
f51e1baf9,83
3406f987f,71
5b87d8d4b,78
eaa6a3f7f,49
8515fa3ea,49
4f21ae7b6,74
93cdaddc1,88
7db7456c8,103
993b3757b,57
ec15f805f,4
f58f83775,67
7a26fec2c,45
3cade7849,71
61f237fa5,71
8f215711b,14
39902d722,39
058cebd78,79
e1d48d997,8
24ca41300,36
c54d38d9e,4
07b9edd52,82
d92df455f,62
91b98c869,77
3e043e76d,50
5b0a35493,94
1e2c7b899,53
8b11c130a,22
2d3ea8986,49
01a3fdd52,4
1c8c53577,67
dd33d59f9,77
aeb67eefb,24
b2a655d89,48
038c1315b,73
23e9b2025,60
d2e838de1,53
ee578c08e,73
2545ad929,45
26a12de02,71
b10193db4,67
6d984df89,73
b7c137651,30
d503d72f3,67
dafe76eea,29
5c71c2638,103
b25c080d9,4
9d56168f2,82
ec3f90c05,103
4ac812558,90
979be015f,4
fbfd9cd87,68
7c1a6e1f0,13
d16d34784,79
d8f81ecea,22
b8a90ad87,88
5e4a5b406,73
ee3c66211,76
270611007,27
9aea1d3b4,67
52491f753,103
fd25ed5d2,75
cc7981c1e,80
d0b48815a,53
01cf43e0a,47
2f2b2a1f9,73
2d64f0901,57
3e17385dc,13
19e239913,68
19d5edc51,49
3b9e7a8f5,103
316c28a80,103
2c6e87c72,47
341eee5b2,14
eec3f5ce2,57
0dbbde2b4,73
9000b5760,4
9cb714943,73
266776fdd,48
ad60c3571,9
d83b8cc1f,48
0dce2cb5c,50
e611f94be,86
209e45144,103
d9111ad4b,51
f50873a8c,72
95b5120db,45
d0b1e24e9,49
cb4330abd,103
0d27bbb79,5
4b6dff5e4,68
738989c7d,90
a91426ca4,49
2e31631e4,68
a249400b4,93
4ff518045,13
4d178a6b4,13
54c0482ce,48
052d2dde2,4
2c2579451,53
d1cfb6a0d,68
c11e44cde,46
5a5cc97ec,28
a5c902dab,103
fdf7c8fe5,103
0fde7a334,103
4b9e61e38,96
1caf8b7dc,47
1951c5fbe,53
011d32580,73
661307d74,22
0354bcfbb,0
738af3f29,74
dd1e506e4,53
8b85ecabc,57
79335a465,47
9a411636d,4
38f6562a3,95
e34bf0fa4,56
891e42a88,53
07803a6a2,8
4d4c87a41,51
ef6a25c92,56
f8bffd3d7,29
8693ef6b1,47
36a261537,68
2b5c4fa01,47
7c856ad41,57
eb92d9778,93
d8a5ce5ff,83
416b038b2,103
8df7f4638,42
537f3aa34,73
4bd5d4982,43
6a3e093a7,70
da2d31c98,43
161acbde6,94
6d822303c,53
72d528c13,65
03a46c116,14
bad8d3e9f,49
d59fc6634,49
2542212f7,41
2a9af9154,32
155f68180,53
7d0e16879,67
8012c6779,100
0bc95b595,41
34c4cf37e,71
80e758118,75
0ec158f7a,30
22cef13f0,47
ac79edae6,24
6e3c0fddd,84
3ffde4543,52
97d3f3707,67
87020b1ce,53
15c5a0a46,69
62eba5d4f,73
2072cd9f3,53
b067fabd8,50
2af4172c7,18
c9e727ec7,45
1557e4b6e,103
1ef426390,67
a5988f75e,40
4cf1de29a,57
ac67924f9,14
c5b5ecb0d,28
624d36ae0,10
6521bc49e,39
e3bdad3bb,67
a0affbd33,0
cfdfb9028,73
878e5d725,67
3294a097e,102
a97f64861,102
b078f662b,53
d37745aae,103
6a0b33f79,67
2d6826d81,93
664ab3455,47
39c56af7c,67
1ee86a298,56
b909de36d,87
94b493650,75
116dfb5a5,53
2f0b8155a,86
743c74763,95
b0d928a20,5
daa767533,77
5bc1ab931,54
ece8721cd,77
ec7f6d106,52
6e4cea791,50
2690d9568,4
842be06bb,70
58a01b39d,36
1d808a2d1,40
70f9d13b9,53
22bca0aa8,53
ce6b42efc,49
719aed16d,67
8e1e85931,73
950a866ca,27
79c44e828,12
1f2eca93a,50
57abd6d16,73
daa970cd3,48
875d12d36,53
53f2f97d2,64
b12c4cea9,4
5f22d82a2,39
5628f5deb,60
8925b37f8,4
30da0fe81,85
4eac8e323,103
a3b63b1f7,96
dd33bfef9,28
ce53cea31,48
94db73148,49
8d9213283,4
7a660b9f6,27
e0a96117b,50
ad6d4b44d,29
37bd7591f,49
44a477145,47
246798d36,28
d69c942d9,81
9ff26d18b,0
2688f98e3,13
fab2df372,67
edc4bea12,68
bcde05c42,93
b26f33224,75
50fcaf0ed,68
9fc75b12b,8
4d9a5c0d6,49
ad82b1ba6,13
8b01cbd62,49
a11aaec4d,4
92aea1584,67
75bbc4353,4
eaaeacd1c,91
f3a8be142,53
a0925df64,52
6461cf7f3,68
8e412c7e5,45
025c07b54,53
3a17f07b0,21
fcc54c894,48
9e4e812df,11
0a71ab4c3,103
33332272e,48
5a2911399,64
ce6303fec,30
e8993867e,57
f68529efb,48
4c184156f,80
a0e86b0b1,75
8fd2c007f,9
58e9042e0,77
6e7629a9b,4
8556f75dd,80
31f2e5155,28
06631da4c,48
9d8d14332,53
9f4b942ff,45
1beb08caf,103
c980fa8a5,13
23f8fc3d9,74
bce769fa0,42
6b8989275,80
35659b2ff,99
d5bb1b0c8,103
f9096c83a,36
0208143a9,71
4f8a37fb9,49
c55a2af2f,49
700fe6ff1,79
e9564dc47,10
42ed99f8b,103
0a5f90dd1,59
e23369e1c,67
6e1842cc3,11
48d8779bd,45
54b444711,91
85c2ca274,68
485e088fd,75
d278a4f7a,53
e56f9fd6f,67
d539aadae,70
4dccae9a1,103
5f91412c9,98
2a499fa40,103
1749a6a95,14
85e1dd858,68
f6f0e3d49,53
8571d6622,13
c8bec0f66,56
2b3d7a7da,5
20e16a0b1,67
73acd2065,11
9a9c151f2,83
a030b3e71,102
4dfdf7a8c,16
5554ae705,51
c762253a3,53
2cc73c0c9,73
97a476deb,68
d5b001638,4
39e40cdd6,56
9d051fef4,4
61ef56738,76
a1c8de469,67
536c83e57,49
854ca7f47,67
0993a96fb,28
8f01b1034,73
333beeeb9,4
cd15074d2,35
4cf202ebb,22
7864cabe3,13
11f448738,45
034ef87a4,85
6b57e5a58,14
e7661164a,80
754cd2605,0
943e13c28,73
47ac366b7,0
ff30e8b96,88
6cbca5559,70
ad81d29a9,90
2bddd2904,68
02b01a158,10
27ba808dd,13
009b39e15,96
9881c6363,67
e4d72ce27,80
bf54b2c66,17
6e08cae12,12
cc9db3d3f,36
282e04df1,10
9eaf1170e,27
3f39dac7f,47
de23c5486,46
9617ba69c,95
ce2335977,103
832e7cf1f,52
d56664e9d,103
170517f38,22
151d03177,96
7bed881d2,33
78d30a479,100
5817b58d8,13
7d04df1ca,29
c071b59c2,52
824eae734,13
8b5155f07,53
07a4b0444,103
5d23a793d,75
856a55f6b,75
96d8b0c1d,14
a64d32c6a,88
4198fad68,68
ba635bb61,13
fb532209f,4
6c6ba5d80,103
d30a6e9e5,91
476283f9c,4
5f4162c42,48
ad82ed1ea,97
64a00a8a1,83
383e2e03e,52
dce29c03a,14
469301bcc,67
7530384bf,53
5c2b3adde,8
8b2742145,43
a5a71637f,41
8fb591dd9,90
0c076890a,103
6e3ac91be,67
3987e3d8c,13
202b90ad1,4
7b7cce651,13
33ee9899d,62
b507ebc7c,75
2c69b633a,48
58f68539c,80
ce0668511,42
00f05ea9e,49
c624f43f9,39
88e6ef51c,7
a7756b411,4
d907ca7c0,53
683e58330,4
5227d80bf,4
94ef8e44e,103
c1e7e7867,48
ed127c922,68
ac1c8b1a1,73
378c2a70e,4
f8326b046,53
ba49d2dda,73
f696ea622,63
352d983b1,73
744730d4a,74
19f18eb63,67
165378703,71
fb9520cef,68
74eb03c19,56
a29695033,4
111223138,98
7db868b36,55
8a48a97f2,37
7e4a5d836,5
c1390c263,103
3c36c119c,67
71525c500,103
75e80fdfe,4
9a4c23eeb,47
056767c8c,50
e256b0ce1,59
d9cb87ad0,49
dd613b9f2,74
3c5f0c3b4,102
a086b2043,103
055ca7ae5,48
012f05d4c,73
73d138dbe,64
f424ad351,77
3acfb71f1,67
e161af94b,47
bf711d50c,50
4719dfcaa,62
05b14593a,48
1f411d101,93
9428dd133,96
cf9cf9368,91
0693e839e,100
74f1c073c,4
855c94fc9,81
56697962e,49
5b3739564,68
68cd38577,48
0afbefa46,76
6d260c2c4,56
a15f2da3a,103
91a2ba8ab,87
79f507d4d,17
61e87e199,57
36444082b,18
0e5e79e60,86
5fedd16b9,49
2e0bc183b,58
2d46aba06,77
51493dac7,48
d5c5cde4d,76
3b58e0b0b,67
12fdb3200,43
78d30851d,4
f83e299b4,94
1e28c6a4e,91
a048044c1,103
a8740586a,75
2dc55fb57,4
c1c4b2105,53
5d4811c9b,72
f0efb6c04,62
a6e42d0ec,22
c615baaa2,49
5d0017929,71
8a89d3315,75
7d1005a2c,71
78dbf0e31,24
6bcdb2495,29
ad494795d,49
2c05dd6e0,13
9d13c547a,86
df88a9d81,14
558548e53,14
317c8b0f1,75
c354e0d67,76
9eeefb070,63
4bb5dba59,68
afd56596f,82
71c31d4be,48
9e4d41ad4,72
c9e27d0e3,95
a91c62b42,29
25b587ccf,103
1bbceba89,64
35396fb82,68
b9a264608,52
4c4a8848a,94
2476c4270,67
3aa882bbe,65
03c4126b4,80
2bec0d2ea,79
5fdf59f6f,68
0cc1eccf5,62
ff5fdbd84,73
0313b9d4d,86
5567bcd26,86
0e5ddc603,13
fb91caf96,67
e2c4e9c91,70
30d9b6204,46
cc6a65411,80
b9231d9bd,103
44e4c1b98,82
730d2b0f4,14
4f14ea184,36
a0277cf50,73
d4362cb73,43
0623719c0,50
457ef8195,4
b8bc9b3b2,103
d9924befc,49
5eab13f01,20
30802b47e,68
462e25ba9,12
c2b3daa2a,5
1c08a7736,37
582dd5eb1,47
284fc118f,73
1a40b279c,43
4a9f824f6,29
fb4b0daa2,95
801d0d3c3,65
5e5672257,46
e64bd2b5f,51
073a72a81,47
ecdb603e1,53
550290aaa,53
a3160e2c1,49
0119427db,87
d390d32c0,30
e416c112a,87
62a7c181d,49
db86084d1,74
9bef7aa96,74
fa53d140b,68
b57dfb28a,4
b134d8c5d,67
4c5a20840,55
4500b8a44,71
65f299d4d,67
5083ce580,47
6be94f8cf,13
09bc0c309,59
3bccc9014,42
8c5ae49a8,53
55da8e5b5,48
fab4eca91,71
9ed125a83,47
fac66356f,95
32bcd07f0,97
22a46a27e,71
48c96bd6b,52
d852da76f,85
7ca677dde,84
72e6df7f4,82
c50ca0af5,53
e690ff8ae,48
60372c4bb,0
de8fd4020,68
d2ce72fe0,69
bf4bc1677,57
039b15a83,101
394eed0ec,4
35c39adf1,48
79c1a3d97,48
088864629,40
0d5f19588,103
4b8a4a3da,21
64803f8fa,103
250f0fa92,67
1c5dacd9f,73
6f12632ac,103
b2982bed5,56
1b54ef9a0,45
0a117eab6,67
98f577627,4
1375fd010,81
f9d24e47a,67
ed1e5c7aa,75
976379adf,103
aa85a14bc,18
3537c6c84,102
6dc1a03ed,67
6f03f9497,103
c3bab1104,14
03333ea62,17
d98e07837,47
9db76cdc8,72
72033968b,103
57d9b8302,68
9a55c6f1b,48
78b988645,73
8d4c9f88e,68
38bc8b746,55
36c7c4a64,85
f0ca69363,89
d9f3637bf,3
6308fe124,68
5608c05be,14
fef2b59d5,62
7be2867e1,49
b52c3c500,12
d89e84047,49
831348989,91
6557acff6,53
3ceb3dfc0,49
f56efef52,53
07b1b52f5,103
38ea80b60,67
618ded9bc,68
0b3a02b48,103
dfff0c929,102
28fa2b3c8,5
8eb64dc4d,72
b104b01c3,48
bc53d427f,51
2b7da32fa,4
70e87c482,67
0124e277f,39
8cc1fc2f6,29
74bb3e711,72
ae331a500,47
0c8abe310,53
c83825f6f,103
d97215599,67
149c9e414,103
ea95803b6,54
8ec1ab770,69
a134c5401,79
0db15a736,103
201a74da3,48
b62a1a945,101
a1dfe6e17,90
5aeca7ba2,4
9e7925f1b,77
33ad24008,43
06ebbb560,67
49601a7ba,16
0cec3ad84,87
1e0d2fb87,24
a2d7f197c,68
31ee17f77,49
d56f1eaf5,68
bbe2e7c64,102
f8c41bdad,103
29d5a8bd5,49
f0b002c23,53
ed087f460,67
6009ca42c,68
c52b1e973,64
bb0b9304e,67
ecfc076ab,4
9f0f27251,52
c9efb9d66,75
f85a5ee9a,48
c7dad9e04,75
df5a78c3d,68
6b227f122,94
465f2ddcf,13
0281e01e3,71
b8c82be3f,103
85c997028,91
ae2b1bed4,24
5ec9553ea,55
fee9f7c67,69
040684077,21
527fe834f,68
45610320d,47
1c074bd0f,103
086d87731,73
4ffc57a98,67
ea72034f5,73
b9204c339,8
a3535e355,71
bead374cb,14
a6db0754e,76
667c3c161,102
c3565844a,76
afa405f0a,103
df89c0568,73
8f206287b,28
b4a235b93,60
909ea73fd,103
1c30e72d1,79
b24b4ecc1,95
b91c00f4b,53
ec40512de,86
0b3c9e1a9,49
5ec08d254,73
b63ea2bf3,75
52189b48a,4
e5a6a39de,53
548a35991,79
14453eb64,77
1f342e690,7
e43b134a9,68
0fc91f469,91
7f01686f7,72
e46998f4d,42
463545278,103
fcd2cb7e0,14
e7571886a,103
94a240084,29
e96b3436b,73
ffccd38bb,46
cca529347,96
20cbfadeb,103
2f4c11e66,4
b91ced576,74
546744090,72
661e5ee1c,4
275fa220b,67
1aacc5bb7,0
18a0fa20c,50
3b60b5bae,53
38235ae21,77
d1b3aaf63,4
08a1c14db,40
a3119fa46,70
983130c4a,58
f9618eb56,36
fd88bb2c5,48
ad7707082,93
480dbd0cb,71
ed8f1770c,79
87fde6edd,52
42acf797c,28
1d762bf2b,68
c832cf426,53
ee58ae806,103
57b0ac4e3,67
5453d7402,50
93c15dc29,49
d814f470b,36
c7cdff2f2,102
eb71bcdf2,67
a19239dbe,68
6449727d1,56
f7ec97ce1,45
04cbe7a50,47
88c6b5f1d,18
48f82311a,48
83c2057bc,21
485a5ca01,6
51eb14267,9
73356bf2d,28
5a4014213,53
f2ef2873a,29
9eac41e56,27
03ac6694b,19
1a4dc4b2f,22
3353b9bda,46
44fc90316,73
63655033a,68
79e573478,49
a86983a99,14
257de6c9a,92
4a6513e63,73
16ad94559,55
0abb8d338,16
7b38f9919,13
24aae97eb,102
d39e4ad87,68
8c7a3ac06,71
35c0567f1,8
8c5e0c760,91
90bb2bf7c,72
d01f39daf,69
6021f47e4,75
2b8f0ac5d,68
6db9ae896,75
2a7c1dbf3,86
52232fe3f,53
c44d85f2f,29
b7a8c231f,90
d2dc32c18,4
317d04297,48
956392eb6,75
ac937c18b,103
5002bff77,11
4e4c57892,74
60e8a1d83,70
aab3a2289,4
31dec703e,30
3feba0f46,25
2a60639ba,73
00a7a6244,12
35eb134af,53
8da1e9ab2,68
64dba18d7,47
54620ca30,96
285e0bc7e,51
6cd33c3ac,14
bfe670846,24
be2773579,56
f90aea0fd,103
5f84c75f9,68
9f9578396,9
7d825a631,43
671ad3443,90
598a1c3d9,102
033c8773d,68
6dbf25622,102
3a29db605,50
a23d903c3,8
a7caedcb0,57
c7ab8e645,9
333118494,46
b5f49135b,0
533d4492a,48
02d846418,68
c8bff789b,35
2c2f59092,53
ed0204f22,95
7f71b69e8,49
0bfb74564,7
e11a7a42f,75
2e7fad027,73
0f58c281a,25
857250508,9
4591d2725,49
974d0a175,79
ec60dee71,86
bdb951b2e,102
e9178e294,103
9aa2210df,77
fb5b6c2e7,67
cd3c07f1e,91
15a4485d5,12
e267693a6,16
5b9de4b19,39
2aba48b93,5
04d9215b3,59
4dde25dfa,4
2c6c478d1,84
bf7b19901,50
fd3bba010,53
131ea4f52,90
7f5e3f4d8,63
2ec1937d2,67
a8bf527dd,90
ab1d26187,13
b3cf1a86f,57
4fe65e8ba,96
0cd2a25e5,4
269695569,49
d5400cc1e,53
d7c938976,101
1c92e2b89,67
a2b499115,8
4fb19aefd,51
c6326ffed,83
7f19952d4,103
b2d3bbf61,86
5d171dcf7,42
f93b17627,73
1eb6f22d5,103
8a0b0f47a,17
c7b1fd88a,35
2557c29c7,93
4171d3272,64
516a450b7,46
fc85dadd3,65
57787a61a,49
aaa580243,49
bcd277266,4
d08be28c6,50
1153cf999,86
d1655f52d,14
22be03235,47
2a69fa3a2,58
3b7c11d3e,13
6c2ce6d90,86
f9b3f2991,53
07718a208,82
8e7173502,13
8b86c4635,13
50f33fc4a,47
cecb3fe1c,67
7d5126c94,49
1bb8d0c39,12
c0ebfe98e,91
bcd77e220,63
f302f29a2,47
49b354ce4,67
cb8786391,67
23b33fd15,103
6da191d02,103
4afd6043f,103
99776d4df,48
6433f1917,17
b137658ab,67
8fe3eca19,67
eb1ac3552,4
35b896087,103
657d7b6d3,52
20a48922b,53
9d44bd787,46
9ca216086,14
4779122c2,22
73654808f,49
6eb8b8e84,75
ade9181a5,45
4f6762363,53
d5ccfad53,53
5c76c7057,67
acbe731d1,63
35dbda91b,75
1226ffc63,13
34c97f64c,14
025960a54,67
9924275c7,5
625a9dbf0,86
381bc1702,0
c17b6ab8f,102
72c2a5cb0,73
bb5147a35,98
a6ff6f81a,77
8daf31854,86
0fa462f68,14
252d840db,67
3b6e604d2,48
d34eabf31,65
8ad63bcf2,48
55e0035e3,76
7698bb454,76
ab78481b6,57
86f4d84a8,14
2618facbd,103
90db97153,60
aec05dfaf,53
a6db70773,103
064a230b7,48
33096a299,49
5cd55d54a,67
653443f38,30
50a98f706,4
c164f8571,27
4bc167a81,14
c70d94083,100
6b9570949,13
950c30887,68
cdcb45570,53
a73af3677,13
31a7d4530,49
c11fb922f,101
3fd719b67,77
96e4b2ef0,81
6b132a6ca,48
c6492c817,73
ae6b4c59b,13
117122b38,49
6cc34f6c3,83
db04d5ac6,48
624d13949,10
d47eedb46,77
caa580f63,43
71d454f1c,30
fa612d18c,67
39090147b,68
adb78b73b,47
e240c69a0,4
7593bf7d9,10
fcac5a7e5,71
ad0d1c07b,4
97dfe0bfb,77
27753debd,68
6143c21f2,4
773cb6978,102
361e308e0,79
50ae0bab4,29
40a956d5b,75
77a987385,80
34438649b,53
5d3f635c6,13
d8076fc39,7
c07cac3dd,79
d09882bb8,79
c180f1160,73
8756842ba,4
a99ec466c,94
adc3d214d,103
15b77ba34,93
903a3ee76,94
74aaa5e78,13
0fcde961f,73
4c0f2c1ad,103
a7f1fb92f,89
f88592f94,53
701d4ac2f,95
f3ee3f7ef,93
0f6325318,41
f10187efa,75
1914b6245,62
653ee9b0b,53
472c84cce,96
40fc0d8ba,4
34d222c51,48
c404b8c8e,50
5536e05ee,76
780f371fd,75
9d98f7c9e,62
b8c3f66cf,48
2c79f3a6b,14
47f8f7372,77
8e298b272,102
98077910f,48
b71543e42,80
202a8996e,93
89085d10b,82
f63a9b6fa,91
f9eb9c412,103
123a13515,45
1e26604ea,42
8bc85ca8d,86
b5253f91a,48
34589c202,53
cf087fd47,68
d50341097,52
d6e9bc323,90
d495d29df,73
9b49af313,74
ac0930c4d,58
0e8760c38,67
04758b7d2,103
56e5b72fb,58
58605ff84,20
ad06e1507,90
d853b843c,73
9d7baffae,49
a2e48b4b8,50
a6ec0a798,53
bea291a1b,28
03c9840a9,87
6d7138997,53
add649c7d,90
c4081a31e,0
166cc9d99,10
b6fbcbacb,4
45271b9c5,39
ab0af1000,53
b23e435d9,41
96109449d,103
657a2302f,102
77e34e261,49
eb4dbb060,50
500cf0ed3,103
95ab27ba4,53
e80ddeb7a,72
36a638215,50
26f14822a,79
526449d16,16
7db72601e,45
52c27c7e0,78
49f2b41a5,0
becdc1364,71
084919197,103
d0a654445,67
664bad216,87
f50280136,53
e48737634,4
c92684487,67
4a98c96c1,68
40ebc99bd,90
6251c33ea,13
ae78a372a,67
25e91d523,68
94c53b0c3,67
70d37d23f,48
df01d58ca,12
c9f640a80,100
cdedc9d47,53
82fdb1afd,93
5193214a6,103
4c742de40,83
498de5a90,22
49fc70cb5,99
3a1396fa3,73
3474e728f,64
b82ef433b,5
136b3c7b2,102
f1e56842d,13
b1845770d,26
071eaaad4,51
23a1a3753,45
72337a91e,103
60d83cd0c,67
9a4cb2829,40
1ef078208,73
caa1dd6ea,9
9b7918a64,79
fc8af9bd9,4
081ee9650,43
3919d8ac5,103
5235c6c53,7
66cfc023a,29
840f3bd46,26
c5f4134e0,86
20b97d483,4
337187c30,42
fe40a3dae,28
fb2b2e956,48
05c9fcf03,78
18ad828b7,103
62ea468a3,48
65ad58f26,5
d4bd9703f,73
5eb156e33,53
6de9b2572,74
2a18f7ed4,68
a85e27a09,94
1e8175d27,50
7d2cabb96,13
5c88d781e,72
45c144250,67
46290bd98,10
fdc6bab48,14
6c77db7f1,72
4a42f34cc,103
ca1095668,58
6d16c986c,49
f78eecf21,73
0fdb2e372,88
19b55b489,80
5b3c21bc7,39
a334e573b,88
768bf1fe7,56
4a349dc90,48
4a530e1c1,47
d8d29bcf8,13
d1196d6ef,82
c0e30a258,18
e9e0698f5,0
155c1e966,29
5a7f69e51,49
ecf4c1f5a,4
9d624affc,30
d0e21eef7,103
fe1fcc972,10
329793680,13
52dc12639,67
50ff8f2d0,63
92c7c2838,45
a41d29902,49
8eff39ec2,77
852b5fb74,49
24c202e61,46
e85121a2c,54
76ad6cdd7,21
c63f5d38c,50
c93ecfaeb,87
11cd8f57a,43
57ff5b255,5
f90c673f8,29
49f864fe9,51
b65acd50b,13
9edb00dfd,47
0cf6cceda,77
6b4fd7e01,67
f3a75828c,70
0053fa6c4,103
dcab7fc67,33
5a83e84af,28
8592e5ece,68
ae5333fa6,77
931b0b249,103
74bcea93f,0
f9c5a4820,78
464b3976a,102
0a90e5cb9,67
48b37a43a,29
d375ebc76,71
d3ccdf536,102
1ed9fc0aa,96
e3ce14f38,81
f6f821392,29
f2702f681,48
9dfc925a1,7
577136af2,103
a05706206,44
afa2ae498,53
e83500196,4
99c14d554,42
f9c931893,103
dbed4d8d3,102
8559d49e6,68
2f29a2a9c,50
0556575d8,91
b2a96e09a,76
055988ad2,103
e6223db31,5
101551fbc,4
2c670a497,4
6a69a6ae1,67
e39fc5430,67
70be85fb4,25
0c548045a,48
cb297624d,68
c3bf03c46,43
132ebe116,68
124e119b4,43
67eb6bb6d,67
6c9aa2460,68
b382fd54c,53
8c0e403af,24
301315f25,5
01163c5e2,48
63d16d8d7,4
d9004decd,82
fc7c304b6,71
e0fe7e2d0,68
39327a0dd,4
7f8e636bd,41
cfdf97182,49
1ba32dd82,59
57f7948f4,0
d1a2458d7,68
14b239870,11
49f22c2e5,74
8816f311a,103
b14b95e77,47
ac184d84a,46
b96a82543,67
82dd63dbb,62
900f1f50a,67
470697d01,53
d0cc62751,103
4580f61bb,48
760ce7b43,16
a114ff305,12
41a1ca700,48
6a22f0ccf,4
6ea2b0e7d,62
e3c6e720d,6
f458034d1,0
59d5309a8,49
084527620,91
067c659b5,29
89ef3a121,5
19a795eab,68
9a1d5df73,13
f969c00cd,4
347c449c8,48
30e9b5b6a,30
132212f11,67
7b9220d4c,73
83f820e61,73
22c98bd18,33
d3d08e737,19
a20b7d9fa,67
74f238044,49
31e5dda95,80
2daf558c1,41
e053b45c3,53
3776f98a8,13
280b71230,91
0ec8c4296,67
bfd311430,47
329581d4d,42
7b6429c7f,80
857a39495,94
99b3a15e5,29
658b73453,102
3816dac91,68
7949b71c3,24
813efb8b3,80
8a4c6a3e0,79
023520fc4,100
f1b51e257,0
4bf1812c6,52
103a5633a,47
e2567b48c,82
d9a466069,14
ca050faf8,103
f2a35c7cd,67
5a2fb5300,73
710a380e2,48
a10a0b280,102
ddc839a0f,68
e15365337,47
a24932259,30
746f3dd2b,75
2b9d54083,67
764a98598,68
d5198c9f6,102
171d91683,48
84b6560ee,91
c27d9c294,75
7b6338bee,87
11bc7f078,68
d4350350c,48
d637980a2,43
bbce1172c,50
67810173a,12
ccde3ea45,47
3505d54bf,49
d5320553f,82
84a3027c3,73
0999994cd,47
487a6f05e,53
35975d1ab,103
5ba637a6f,69
3d0556ab9,102
c476f6495,81
55c59324a,103
9b8345ded,87
92be2245d,27
7796dda43,49
e78504c82,49
79522023e,100
14be34092,76
7ae791f04,48
d185711fc,56
34a95a94a,47
ccb9b5cc7,81
babc5e002,14
141fe61d6,47
934408cfe,72
d4c799460,89
3b66e2c2a,4
ec68ef123,75
ff2ebb52f,4
1037cd266,68
b882b8bd8,4
ae6e725ee,70
beb9f80e6,0
282dca22f,13
aae8b6cb7,47
0a2e4e1f8,80
559dc9594,67
9dcdd11ed,7
e8e62aa32,51
8b4182aa1,87
74a2503cd,68
65d14bd99,77
967f27ca5,50
2a0404164,69
95e3375ca,58
f9a14ea8d,50
dde8d3397,68
33948db2d,94
b108950de,47
7012b4533,75
31a00d007,80
5826bc1ee,82
611876e26,86
988f93442,90
4e792387e,79
3b89f294f,67
6953f8992,41
fa19200be,12
61d566521,49
030364f27,103
2bc4dc850,30
1161f79f4,103
1e59b9929,4
90bd4a9cf,10
eef606ee4,18
2f36a9903,48
304631d59,53
e09c2b70d,50
d4afbe85d,53
f99834b3e,102
8d44b6bfe,46
ab6404be4,79
d6143b4d4,25
7cc60fb22,18
93b56e886,11
1a5d9c089,50
37377ab6b,4
939f715cf,0
cb26ab8e1,103
b545ede10,102
d5628d4df,80
009216487,77
c8c92b3d1,55
67b85d53e,103
0be370901,68
d5f6e40f7,53
887fb3ff6,91
0b8824c7a,69
96b2a73ec,4
892426d11,49
cdb8be610,73
1ec665f37,90
df38bb8b2,25
548fe4d32,47
04a7a4f50,67
f7019798c,68
c010973b8,89
0edbc1625,0
cb1fa5404,13
93b754b97,76
224d2ad17,46
3d2ee2570,75
e2ef28251,47
d123bd691,73
7244c8b3b,73
4f5abe367,16
bad7b9ba0,48
bfd8234f6,103
a235500d0,26
383ce35cc,5
c9dcff9ef,87
78ccf47e4,68
00f9d0e97,67
4b86a4171,65
5c6e09f5b,95
bdb501796,5
4383d6782,96
f4c3dcb09,56
b2684281f,14
cc446554a,53
8ccadcb08,52
57c754d1c,67
c429543bc,91
1fa6772be,10
7d5a95675,103
6d2e2b6a2,48
632b5d37e,70
10f4c026f,72
822b2880f,68
5cc793cd8,68
aaf781d34,91
298cf5bb5,69
e69a97f86,29
10950efeb,53
5d426c1bf,49
9264502a9,10
7ea4fd1e7,50
f99c51769,76
9935f0510,75
98de1be5f,49
675aad8ff,86
6c51e020f,83
5fff5ccb0,4
ef7856a23,5
110dac9f2,53
7d0e7bbd2,11
c4970c739,56
7b3780a82,50
3d17ca258,102
22adafc7d,28
1bff5085b,103
e0098a158,81
50de80a98,83
007d156b7,45
0cfca4a37,56
9b40a0513,103
72848173f,48
4e3f96c83,73
0bf251179,68
1beb4e8ef,103
856717f8b,103
0094a72e4,80
21a5f41f7,90
6a9dcc24b,4
cbb2dd81a,49
6f2bccdac,4
147d79f8a,96
fa05f57cd,102
07c0d22bb,48
2ce2f09d3,69
2103e7549,28
6bf4a58b1,94
58ffca855,3
b72ac95bc,79
d06adb15c,84
ab3210eac,49
629436111,93
9419289bd,95
157be3bb4,56
30964e186,74
654504abb,67
07f85cd68,67
6baede1f3,48
3b518d13b,4
e9c29b67d,83
c0a9efdcc,86
bc707c021,76
fabc19e97,0
fe75697b0,56
18377be3f,71
44af20a55,4
c3c4ea291,73
cd053695f,23
b632c0a2e,63
56317c242,48
af6ccfeca,53
1507fc4a8,35
f351a6e43,67
b167313d0,67
3ba0b4f6f,67
42105b5fb,76
4232febfa,48
b7b3939ca,95
a94695f27,48
4f87dd5ae,4
4c6264df6,68
0e9e5a0f0,0
9090142e8,62
d0007cc98,67
baa258007,67
ee2b50aed,30
77a43b493,48
3da1159fc,39
58bb4ddb2,53
13fff11ed,47
1d73e26e9,67
87f6a1325,5
630d3e7b9,40
5681077fa,12
6229791d1,4
117aabfd8,14
e3e51f37a,48
16e7f18d3,93
c28a33596,47
fb78539c2,56
1e91a06c4,14
f05946c39,83
991108b09,0
29f4ab45c,67
e237880ca,13
6841f21d2,48
ef8f495c8,71
19b1f6ed1,48
0dda08338,9
b339d0a61,103
ec55c0f86,48
903bde9b1,9
d6a1ca6e7,49
698676b2c,88
436f2b8f1,75
c1c9a86db,90
72e6235c1,4
5d3d71c05,103
b5cc43bfa,67
345b6fc68,103
a12ca9636,47
764a3885f,49
c2a78ef27,90
45c6bef70,79
30c74817b,73
8fc79c991,58
2da86b144,45
52171b028,77
bcad89a07,99
e6ec47b1d,50
d3be0d35d,23
cc055150c,53
4165e5bec,7
99d0b77f9,13
fe6da2049,64
8b8836103,68
6129c13a7,103
0ae82a090,50
ca1cef6bb,97
e7b039312,67
2c009b580,45
1abc6d06e,46
23a5ec48b,13
f441c7185,47
06cf3311a,83
fb41fa092,47
ad77c781f,0
dd331079f,71
1aefb1a74,62
d0989eec5,49
d81c315b3,50
a0add49a2,13
b64ae4e8c,77
4217c1328,53
27c74d8a8,67
46f943627,12
f0fd3d741,47
6233d3e01,47
5b8f09d2d,5
92c33e670,4
6bcb5a502,14
fc6fa6753,48
5a0aa798c,99
fec748ff7,87
8c17a992a,103
a8e6d30e2,47
1b0a08a16,68
fe2c0a711,49
ad27e607b,68
2461915f8,47
350c32674,89
2194ed33a,13
c4c9b5dc4,83
1d8f28be5,73
7457a241f,75
2083b8669,90
fd168583e,91
48fb56f39,102
70ef6d8bc,1
1a2ba059a,36
7799eb3ef,68
21191d2da,4
55a7e02a2,83
6309c0fee,83
9d38f1232,57
98b1475af,56
98f62f563,48
f8d2fe6e2,57
5fa624040,69
7077a94ce,21
30f515f27,53
1b4a28bcb,50
a7bff7fab,53
2e3fc37e5,73
5a5fbb94d,53
ffcda7d10,67
17118cb89,75
4244d98b7,73
35cb5e3c3,79
4a1d07383,87
c34f2139f,12
79c33f52d,17
0d0202522,48
6c8eb5daa,49
684a48f58,75
6cadad337,103
0db5748ed,76
510743b2b,49
1c88f1550,103
d9e7e7723,74
01ce7d2df,88
d9bc877f9,24
8226b3a56,4
155fda1aa,52
9d9654afd,49
547e41140,67
0502ffb63,75
1b6242f80,103
681e2b154,95
c16dd6692,74
f4cd5efa6,4
f157a3c6b,29
e1e5687f0,68
6e3716497,68
2d17418c3,67
f6e9739ff,102
087a71f75,103
a859410aa,46
226ff375e,72
58ff9dbee,93
40b3c6e51,14
af3c7a24b,49
a8331323f,48
1cdfd8172,73
80c9bb328,37
0bb20e5d8,98
884593f79,67
508c39bfa,49
156c0950f,73
b364a9362,68
e2cb25f6e,13
0416248e8,0
85c84a176,48
8e2b5a31b,62
0df8316cc,46
8361e9b86,103
ca875ed6d,91
700cfcbd2,65
e66879b66,97
b5ac11272,73
ef65f22fb,103
eae09f119,73
435326c89,75
5376bd006,46
07aad3ba6,62
8695f4633,77
57a59f1ae,88
3b71397a9,0
42dc18525,91
960fe3fd2,41
9f80990ad,73
e9d6bf3cb,72
01555bed7,48
49e871eee,50
4bb5a49ca,82
ae804f35b,49
362fbf850,4
eaeacfabd,47
4fdd76274,4
68f48e5f5,59
bb91e163e,7
6abab3d7d,4
715656abf,49
e67454090,79
e71ef6701,8
e181cdda9,47
fd3fb66f0,68
2d0fa50dd,103
72b64a25f,87
73749e7e2,67
76e3166a8,72
f5277593f,98
8f4e1b979,77
a855179f9,102
1d3399cbf,73
2b1fb675f,50
29ee6d680,36
090a1154e,83
1b4beb2ee,73
563c9008d,75
2d8716e8b,68
e1494fbde,50
344a190fa,71
6bfc6b8f6,73
29a02c757,47
9a6a82b59,55
a2e477d6f,67
393b7dc05,53
a29efa0f2,48
3eb77db12,4
27eb5a7ee,61
cdd700dd9,30
64088707b,71
fee2ad37f,49
953076db7,14
81aae2d9e,100
c77c99cfa,46
fec3fbd0f,53
08a78ffc3,80
8776e1949,48
6c52831b1,71
cd20c00da,88
1e71b66ad,95
ed219c7f8,48
6af290ef5,88
2df00f8e9,68
6c3ecb861,73
7e61b7ed2,53
d2a45014c,18
bf16e0cb8,50
024ecc6fb,67
786ac2686,74
c5fda34e8,75
ad153ca7d,4
d1ae6b983,60
7677ecd51,14
ac8d33b0e,4
e5f6dbca4,67
d169dad5d,53
09adc5faa,0
d81fb8241,68
c7827133b,43
e9cf75605,68
0021f0d33,53
0aa1d9c98,75
b765dfa87,50
a05c1a9e2,4
ed91bd814,14
b30ac7015,13
46ef787fb,103
8098272f9,73
0787857e3,14
9360afb8b,6
532eacbec,53
eed18198c,21
9d0d80d6d,29
dbb703916,14
68a81ce4f,14
ea602cdc8,39
25b7cecbe,49
c16bd5262,71
dd6301145,67
ef31624e8,65
a5b604f04,102
f69355cc5,4
63c3945db,68
d4bf7a89e,43
79901d55e,70
0d9ca96d7,53
20048b328,96
7fcbcdc02,95
49ebce8a6,67
5078ff4b8,24
67056dfa6,0
ab99925c9,4
77a6613b2,68
f07838a9e,5
91b8321dd,4
903d6d1ee,7
fd44aaefd,54
ceaa96cd6,46
56f6e9dca,89
f3e1244ca,4
0679c1097,29
24dddb20c,49
8eb564814,33
0e1fdb95a,73
5dcad39ff,48
d17630e6e,50
ea36e1b93,95
02eea69ff,46
705344bd8,103
40c67cca4,102
9942a5424,4
541c4d41e,68
74fdf6cc8,73
7a5dfb158,53
dd754aab9,4
8c102e395,10
39a628cff,14
2957381ac,56
7d1794961,11
9f6708c0b,42
67714a8d8,7
690f1dea5,83
3eba562ed,4
04fdbddd7,86
440128919,95
80468179b,47
c081f5b7f,5
4b7b43b7a,103
0ef6a4923,28
bbd3eba7d,103
0fd1b5059,103
5d0b6dc90,88
03af10094,103
c58d1fe16,40
92e7e630f,14
9fc9b533d,67
43fd926f9,49
e0b80caf4,0
7327abf40,53
5e2125e43,70
459adb9c4,14
6fa36a899,49
233db9b4b,53
8fc8f357e,16
5ea428031,49
7f9351c2d,23
664e5c977,47
b1ab363dd,67
868f3ca31,68
5b313549c,76
1d145016f,49
ce3c158fa,46
a991b14c8,103
a1f8b0936,51
f42d2d722,12
7ae85e90f,53
1162b2c5f,50
88d492231,18
7472f2db4,77
c5d9914cb,51
c2ddc15a6,95
4630fb885,45
8b0062584,52
a9c9495ff,86
02c52b451,76
43df50ed0,7
871699e5b,34
1c3a7bc99,67
ca865c4b0,67
a74852f37,68
bed3cd944,103
905ed2774,87
d09afd3b0,47
f16b615a7,73
42090e3bb,47
dd7f0f72d,0
97b161e96,35
db65aac8a,67
5ca912390,48
a893581c4,47
3f3977d40,94
9b7ad01b5,14
e3efeee68,82
202eabfc4,49
f6fe43282,49
0b25964e1,87
9121b3849,103
ce2745e96,22
ec07ab0f1,73
4c8e7b1f5,68
4a9e8f7f7,4
43382559c,1
ebc4dfd8f,18
b6cb0c2b8,49
724560f8b,4
2c3a35bfd,68
ca96ff636,76
71149a63d,48
6bf3d86a6,76
688759258,53
8c8ffc7cf,69
268c2e415,47
2c061c902,53
749b744a4,102
3cbacf373,30
30df475fe,73
cb3bdf3e7,8
0509887de,49
795083f79,57
5e287a0e3,47
366a3d04f,73
1989da31f,73
e25ca1054,49
c38903943,4
6aa485643,62
50ee680eb,103
88f935ebe,0
1f631a7a8,4
270665eaa,53
da0fc52e5,67
54419838d,95
3d087513e,55
8fbcbbcb5,47
ca8726968,72
807ae65c5,4
408fc944b,86
0ed9ee6bb,0
f7da480ea,4
320890eb5,4
35a08a010,72
7afc693b8,79
f48aad6a7,75
fef9f8524,43
74c97189e,53
fea3b6b40,36
a3d0a07a8,94
c8f0b4717,68
92da88798,73
7af3ecde3,47
13166036e,36
793a50bcd,68
9e7a1bca6,48
b020fbff9,73
3ca06eba6,93
2184fa6f2,103
ea755b7f6,74
5689bcc21,77
eb4bacc7c,67
95f9e2bd3,102
b20b97998,68
092187ff7,30
e394b0931,96
5885a2c34,53
39dbd326c,21
f0c153cfd,49
9d375712a,86
1ca8e07c2,49
f92ea03e2,39
63e2e3e4f,67
8523c7858,67
019df649f,46
db4a05f64,68
c099603ac,4
2a872a9ef,46
d0661be31,87
6ba2f9b54,73
ca19d9909,94
5d375ac61,13
1c39926e6,103
9fc4a402d,53
183896a90,8
74b98cfd0,51
586868059,94
f0abbb0a3,102
df5392f38,82
187b49cc5,93
f2a6cb1f9,72
a0b262e40,58
8e55f2268,103
41230fe49,67
8924dae8a,90
693fd2ef4,76
9677be74b,53
93f0dd7cc,67
37dea321a,4
5a33a8adb,102
47aa985a8,67
b7a815e07,99
edbb2c2f5,103
9fab84e7c,13
54281d31a,30
3ba519bb8,13
09a438bae,75
abb6d81d5,67
fbc9ef0f9,36
ee19b7f65,9
39e2183ff,88
eeb2d5691,103
5906e9893,101
9f905ae2b,87
ecf64f4f9,68
40233a112,86
dd9cf65da,68
eb66fce7b,56
d02a2fd8f,82
32c22cba6,49
fc601ec84,47
4698789b6,96
4d7e7b6cd,103
6601f2903,47
20be2b5b5,45
bc4b01a52,47
bca8bf0d5,67
d83d3fbab,25
36b0477d7,67
870b7fc50,87
ae4b7aec3,49
a9c8ee568,103
fd33eec2e,94
74c86dc94,49
656f4c5dd,103
eb478b7cb,45
8fcb4c7e3,67
c25141a41,75
53cc94634,55
1b474b251,48
26d9a1072,8
b187b258b,102
523df966b,73
a7f5360e0,14
e5eca71e3,13
d2b357573,4
465fca558,94
297d94118,103
be9d52ef0,13
a51dbb7c5,68
a1a2e7691,94
61b28f8bc,62
8175828ef,77
943eef63e,4
c95269a6c,21
24ee77db7,103
8b2940362,49
c20b4c81f,4
02073dfee,50
ddfb8f27b,28
7e85cac95,76
b9a6f2dab,93
3aff0dc0d,86
ed308c95d,86
32a1d9f65,102
9a3f6c785,72
17625283c,66
dede702d8,8
9fe27bb58,80
82316b58b,19
ce06ee7c4,83
a3355967c,74
d6503fc7a,30
230b4a95d,49
4434ef42e,88
a67e861a6,67
b840c68bc,62
2f460d807,102
5d238f402,39
2cd58674e,103
313055a9e,4
165766e9b,77
89e147dd6,10
89bce4769,11
8afe59d10,7
4d0d04ec2,102
25b1a1971,30
a21f6d452,98
495e8216f,4
64f9d993b,102
ab473d0fb,4
ba782cc48,83
45e6036ff,82
c874dbc71,4
b45121ff1,30
f6482ab55,53
ca1d1d65c,48
1b4edfea8,37
228540138,50
50c36b121,103
fac9307e4,0
2482d97e4,42
8a66bd5fb,4
894954440,90
e95f725f6,45
8e8259669,79
f0a66df4c,75
1d0cc3798,18
f638a96fd,24
ead4c9659,49
14b62edb7,73
06f00d362,48
1dc234d6d,53
6c360b751,75
089c2739f,12
3271ed094,4
0feb4e2ef,91
414fa5cce,103
8d9ce649d,94
706aa9df2,79
6fc119103,10
3b8fc5371,7
e94327a54,77
79272fffe,4
2da61d102,9
0a98a2179,86
e8a5b6337,103
3da7e8585,45
f99cc22d6,79
1a0d4b775,69
e26d85d35,90
5bcf739c3,39
2a0eb44d2,9
67dbffd24,68
b080d20f2,67
f1c7db9eb,73
21c3d4a53,73
6daf9a7d6,77
5e166be69,26
9da5c57ef,53
715ed2e29,102
fd704758e,53
69930f05d,83
75dbc2c81,4
9b8caede3,77
1e73b74aa,36
dd4cb3fbf,53
4fe780b27,4
791899b46,73
b448720a0,87
a167a159e,53
e3b9acc43,51
e8226fb9c,10
1d8ca740a,67
96a197cb1,39
f35bfd300,82
caff65f31,14
922e45d33,49
d23336d37,71
52378ff5a,67
794b67c42,17
41ffad9d1,10
509741eb1,83
576f07382,68
e291c8794,48
0cfc11aec,8
2213dd7ad,103
339430425,103
02d70ed11,28
1f38d6778,59
75ef86e19,53
7d33fa1f7,88
cfc106ac3,14
ca2f4b9ce,21
f4fee0e27,67
3070b77cf,43
f67795cc5,4
8d2997526,96
08c71ca8f,47
2367b5056,103
5528db727,68
896467495,43
10dee0305,1
8e8f25c31,28
e555f7ecd,102
06846ff3d,25
4fde9d58f,93
696a13525,5
392d4f5ab,53
db0212bef,47
f9dcd69e3,103
aa016ddfe,67
7fdb7247e,88
3b6e2c5c2,68
fe6889fe9,16
38c7f43d6,46
fc4e189da,73
4afd54574,75
9c73592f0,13
58dbde095,4
2ad779d27,73
4249b8e73,49
84fc77fbd,90
885f2eac5,67
05ef686b7,31
d1292ab63,67
a2e59aee8,67
1eb8876a9,98
811acf839,49
01f76a519,48
5ccfc8dea,67
7775f87f5,97
813ba4348,1
55603d86c,87
c06c7ca88,102
9a2fe7b99,53
d28fc9f29,4
7ac6f5ed5,53
f80b1c8c1,79
1f5a8d8c0,72
2b782bb3f,91
de261e169,72
3ebeb5ac6,67
0bc02eae2,4
881336587,49
fb223c3be,47
ec80c1413,88
a5eab308b,29
37997c432,0
82c248395,63
dde25205a,38
adadd8f7c,0
24261e7f3,53
e9c5f7cd1,4
f52f85873,75
68c50e34a,77
a4e32e242,67
9294f2050,43
8404dd232,83
f1ccc8566,43
e6f327757,16
a76840623,59
7d58bbc35,67
6366d7061,70
6066bf3b3,4
471609fe8,103
dd4899180,103
a13259e0d,80
8f252ecb2,13
82fdce8f2,73
651d0b2f9,77
fbbd35173,14
1dbaa5744,4
1f0642fd4,4
ddb556ab6,13
53c6c23b1,48
babf57037,90
8bf87e69c,103
2984c04e1,10
36112c4bd,16
584b3a955,21
94e8795c1,40
a6e627c10,14
ba9fa9f30,8
2c8f66cc6,32
eb83e32a8,94
c3d03598b,70
7e23f7ad1,14
64a8fad00,53
797ae6066,81
ca9f22cc1,47
f58d7487e,70
38f3a40a5,76
f096291b7,89
db8b6aeda,72
17c8dae41,5
db789a901,62
483a8e2d8,49
6fe85feee,13
e08032ac1,13
b0b810f90,51
0c56833c4,28
718f47a1b,4
e8d193a43,48
1fe3921d9,103
945155e8b,47
d90f33907,101
2586669bc,51
7cb5e6b99,49
a69c80256,49
9dfcbdf18,67
2d3c0a80b,48
8a9b13bef,53
19bcd7864,35
302e11bd2,48
a67769dd9,43
e0df04630,41
0b9afbdf2,75
13fdfe24d,68
baf415f07,63
9a6716090,41
81cabee91,4
8d5494b6f,68
b3deff050,53
a8428cf05,75
54454ed83,68
d82a21bbd,72
2fc266682,86
377c89e04,48
861f2c9c1,71
2a459a0aa,8
491331146,48
455c7b67d,75
54eb01070,48
343bdb4b8,101
e2194cc70,10
0045ce94c,45
8b23979a5,103
5252bf766,49
954d0fe63,4
0cb8a264e,48
6bb4e9d41,57
a9a1e0332,52
3b0daf5b9,0
a4541b8d1,74
012e26395,4
459d3299b,46
fb7984b64,82
3daf5597b,67
33b3a9955,103
5eabca233,7
15bcf0bc5,102
da6f46b28,87
f557afe91,95
4af75b596,73
80c048cf1,99
62e32ec91,58
22149c3fd,80
bea75c9d9,82
e80bee440,80
801b2e0b5,93
0721c0bc0,14
69dd8b98f,38
5c38776b4,47
57cd097ae,81
eb0a1b58b,0
fbfd88b1c,75
02040055f,75
d665d6a8c,55
04da4955d,90
30e800167,103
79a025018,103
6bd4a7ab4,88
ac73af09f,49
9b353319d,47
3081eb3d7,103
376134aea,8
18d41400e,103
b1de2b162,40
39c5bb98a,73
a94f6dde1,47
c298d16b3,67
eeeb6b66a,68
cfe74bfdf,55
1b0656451,73
e6c7eecab,87
dabb82074,53
9a3fa2c38,67
97ddeaac9,53
a4c653f29,41
6022f99db,73
0ce2742b7,86
3070a069b,46
16c791a6f,45
1baa33eaf,49
a1b220f98,68
75753e7b1,12
57f357144,103
3cf641526,45
d7d866216,14
af8b9e043,103
2b5f79660,4
4c4caa583,56
41716e097,83
00856dfa9,69
f66e3a446,68
51ccfb7c4,35
9d4d22004,103
94c8329af,67
b8ff15213,49
4e5e899bd,67
805f78d97,56
5b45e7a4c,43
416e24d42,88
9b2c62063,72
bc83dd474,93
1600cce78,88
1081dc395,87
8e90cbc5e,73
5a543e058,8
9e3425ede,53
ea7342d9a,47
36c544e98,103
def4dc802,10
8e92c9811,0
30b4b7aea,8
b3c636639,48
04a069392,53
72606e8f3,97
9a863b9ee,67
e9471b958,84
67d5e3bf5,8
fc4486b5e,67
acd61abf2,55
645e6c963,8
0e675095e,103
43a84d203,103
98dcdf215,48
f69023f40,45
04721ef43,4
88f8cca3a,95
4cd75e21f,67
654ee7e46,68
042c90107,71
708c1099c,102
08bee6dbf,97
af70c8cc6,45
b9e513369,4
981396649,76
8182d588d,13
828abe04c,67
69dcb9a3b,47
8e70982a4,52
83bd193a6,49
8459de1be,49
df23921b2,36
d007caae7,90
88de21f46,43
97dbf9d67,86
a7857a9be,95
eaa8b622b,53
aee5c9b93,103
d8bfdb6fe,91
adca067b9,47
a534b0f16,102
d4ab600c2,53
358530103,80
973cdaffe,73
fb93c4c46,67
d6694bd34,53
6f6009530,103
4df899e46,50
37a4efb7a,103
4b648670f,9
75540546f,53
fe30ebb03,103
689eb9f68,63
8168ee82a,68
b6559ddf2,51
4d42fbb18,86
ce7f9e0a0,35
707760045,83
50b7b51b8,4
c21cd70d4,21
75c1b1a9f,67
847402c34,59
b39cc3832,98
400353bac,4
8701aa4ff,12
d98cbb36f,14
e69ddc9c5,4
b9e60ac3b,21
48c00c048,80
62728ae3b,35
7cd4cc27f,94
68b41d014,93
761340c6d,29
b57325fc7,93
36568fe64,53
723403f38,49
e079e7ca5,103
d1511e64f,67
600f01e91,64
e7f0f1e63,46
8e9cb9e5f,77
214121cb3,82
8801493cb,28
cbbc6e017,49
e86e2a592,81
5b9059868,11
3be948614,13
3b66bda54,102
bd6b0dfac,49
77d850f7e,79
85c40deca,62
3b59b7879,62
3149540a2,74
93af01df3,49
ce71e2dfe,85
648d6e1c9,49
c2e2626e4,78
8d9185540,4
11e3afa83,23
b5a739d1d,47
cddf33a9c,103
9e99e1332,50
994db92ae,50
fe1857f3f,0
13452bf5e,14
ca0113f84,70
213cea039,88
656851f72,68
786172ac6,39
6a8de3c09,99
288772300,74
5db83d658,73
dbe581aa8,57
d4e9355ef,86
f1babf32a,67
5762da038,48
a038cdfb1,4
c37a6f3e9,75
a0dfbd411,48
b6a36c182,96
62822763a,74
4de9ab35b,73
8482cd4e5,48
ad34c1f34,65
6df282095,53
587e9b784,4
048596edf,13
dfc4c6de0,88
0ef6541f9,50
778808485,46
bc45792c0,45
5745b1abc,39
83b0ea85f,68
c43ae531d,4
787578be9,67
ca3dd51e6,73
d20e60a1f,25
c82045295,75
65bc00f77,24
140c059f2,47
728a12444,75
c1e39ffe4,20
7514c8182,8
7d540187a,64
a00b723d8,14
466f28358,49
464b2b309,25
e82bb0f6b,41
17f8af701,103
a3d606459,30
1a902c080,87
f468cfed1,45
2eaf291d2,53
742ca771a,4
cb3ba4df2,103
57ca642dd,77
6b47e8357,52
70498b302,90
ddb84d9ab,28
b043db93b,73
6c1a05ed1,103
c987ff810,22
9c1a396f9,75
4b781211f,5
d4ac640c0,88
5fccfc9b5,72
7cb1fb42c,88
d85f2a17a,74
7fdb2b868,9
a53fc71a1,99
4abe117e7,103
1fe1115ee,53
a51b01392,41
5a2c8645d,53
b784d7a07,4
c1f18cb5d,21
54a9c9512,83
a98070f17,53
4d761f97e,73
6d233727e,29
2e8a14696,43
73ff3946d,76
e87044bc2,45
d51f2e142,53
aba2f346f,77
07b2fe99c,102
bf85f6b58,28
c251cfdb5,14
237c95bc6,75
2af766509,103
59d1b6146,13
f98f94bac,14
8b31b6453,41
7aa990232,24
c22e3bf9f,67
557117401,67
9e07d0aad,95
f2809517f,102
1a751ac8b,35
ebd098414,0
967133383,81
a91e7f455,47
114d128ca,29
86c0fdb4c,73
676bac625,53
c50fdc486,48
90e8d8225,74
61d0998a4,30
400b2bbda,48
7600dbd87,9
05a32258d,47
71c1f0507,57
054412f7e,73
161a7d556,73
95eb4c83a,47
218e61006,77
863e8afa4,87
0bb9c3f30,73
111581957,102
3dba2c4ed,52
1a0fb01d4,49
58879de83,79
3875d3601,103
372ad684a,51
00ff2c720,94
fe7857419,8
d49030919,45
d01d8d2fd,77
fdf61c313,60
c425cd871,49
bd8139bb7,24
cc256396d,53
23c567b03,88
4b4d2a0b9,60
8fc8e6925,14
bd35bb1c3,45
018353f1c,14
efe50806b,68
0befbdd9e,75
08031b106,4
72589c9b2,48
4f7f265b5,103
d43d8c9d8,45
bea8158b9,30
a18ae9e89,101
4bfdc5664,67
53cfc6586,51
3e3942656,49
18414db75,71
89f46bec2,58
32b46db46,16
ad2e27bb5,47
0e62ddf15,80
623b64d19,22
729ac5e06,34
25d63647b,103
07f10b39f,14
eee191638,74
e5bc365d0,7
d35b47e60,4
23f7b7a7a,77
41c27b630,80
32863f792,48
478e21c30,68
1fb364cd2,45
299e1957c,53
9a9255c3d,83
ff02d53d8,73
377240bbd,36
eecfcfd26,53
ea41e95b3,84
736b7b278,4
727d99d68,83
343a80f91,75
3e1727f79,57
6e045ef23,93
8b0aa3f7a,47
350182af5,4
345f66bc8,0
29d87bc0c,29
6291210cd,94
6c0edcf33,77
a7088bd2f,87
79f689862,43
a76407bf8,80
c6cd3ac47,75
7cc00d3bf,29
db63379e2,103
8005ccb52,73
92cf1594a,42
be1b79939,48
d470e311a,74
692cfa850,73
7d47fa7ba,72
bb15fd515,7
98ecbe0b3,28
e6609d48b,103
8735b4ed7,48
da6606b4f,103
c67858398,82
f62d1e472,91
e88d42b8b,4
a7855a3e3,14
ccbe77cf0,7
6d8ba2cf9,59
357b3b1d3,93
27c1d078f,67
5675c2ee7,42
3e629f05f,103
a0e82c1b1,96
fb6d4648a,89
564305f6f,67
1134b4a4b,47
ee652c6dc,0
43ccfd5e2,74
48526fccb,68
1f1d99593,68
b07bb0c22,79
11ce56786,13
624196c26,48
6f25bec48,71
54cd18535,73
0039e54f0,67
9f5dfd81d,37
57a2e8995,0
501e378f3,70
9db94c1aa,9
1be394776,103
274009fa1,103
0308348b8,50
3b932fbd0,41
4fa22a6e4,71
e8612373e,103
bc9873f0c,71
8904c358d,29
99536c670,36
1c946e0a0,47
1fadcbda5,7
918ea59ba,49
9c3ca26e9,55
49c1a8313,81
70501f63a,72
4191c5547,88
5e84a449b,39
93e1b1b57,1
501117624,85
4e6d9fad8,49
aa4f36f71,53
3a19e432f,75
b37712a07,45
61547bf69,79
da9ed562f,72
83f7c30e9,102
1ca3b1ec9,73
527da06dd,53
a0f7fea74,75
d08d707db,79
785f14a23,73
656ea8ca7,7
b8612fa45,88
228f748d6,28
fc2199013,72
c0825b4f8,4
20dbff58b,59
1cb630a6e,5
2ffc025ec,43
f7eede84e,45
67a3ff9db,24
cb05fa534,39
b9fb466af,53
91610e157,14
707178bf0,45
cd703e25f,72
edbf64b0b,41
ae9a70845,28
94a7c5ed2,47
b80e5bddf,67
5d4d774bb,24
10c568a02,75
04a9517b0,73
5a330e7b3,30
c753eb6c0,47
826712f91,75
878bf09bf,41
3f36f3f32,64
42f3a0c03,102
7dab12862,103
ff889e23b,67
5cf823995,47
aad6bc2bb,73
9dac30b0c,67
2b4605245,91
285ff0263,45
8b293a45c,103
49f972c08,42
afe70f1d8,41
217fbb923,68
8d729fb61,77
56a71117b,14
a07779d6c,35
2b347b559,4
99e7f0526,25
f3e315051,94
f09cc7902,103
26ee00728,53
18c42b6b8,102
00450d304,60
cac40db60,53
814e0e21e,24
7bae0ab5e,46
7b6d30721,72
c199140c3,46
934072bf5,55
4d5836f7d,71
392019a2c,49
8a5e6e01a,68
6be539abf,75
909b6223b,103
f1516a306,17
61ff4902a,47
7beeb67c3,29
168f633fc,66
6c5cbbdf4,49
08b4c02fe,49
5bc0988c2,24
2e7d74e55,53
3232d6f56,86
2c8530a58,97
da0416b3b,30
82d5f6620,24
1101a003d,67
f39ff7ba2,103
6d7b4a632,103
9cd8464ef,62
9950111eb,49
bfdd4162d,53
878cb5b42,87
fa434878b,79
fb67e5172,49
5b1f12738,56
9f3fabc70,4
c4d436848,87
ea915b13b,93
cebf5375e,51
c64eb3a36,0
470847079,53
1e793aadc,87
ffb840ebc,16
eba77622f,76
8a18b9699,63
760a844a4,71
6182a0538,70
450d37a38,94
ba9e2d304,4
b6203cd3a,53
bf4c39972,72
2449b5518,77
e964c6dcd,73
a670f0c43,47
d34ac237a,30
04c9322f3,67
8bae211d3,71
498d46ee2,4
74cb419cb,4
46ccb6bd3,75
39236fa60,29
7da20ceb0,46
b1066d5b5,24
12c738d87,46
c80ef2e31,68
c548ffbe8,80
8d4ecada4,103
738116e15,102
07d138d01,94
ffd3661d4,79
3333af434,19
aedab5dc5,52
7965e86c9,103
7a2a38d8f,75
977ebbfb9,82
52a88af32,102
8d6c7ae91,103
5ff71b40e,49
a13beee25,102
ab5f64570,98
98038f676,14
eaddf667a,28
434079379,64
42f1496d8,40
17d0be640,57
aead648e4,48
6abdbbd7d,81
eda07476f,64
44d707daf,102
f353716f8,13
80ec46d31,73
edc4d0f73,79
6e0843d38,53
a425fc6a7,24
7f7b2c732,65
789e8506b,28
08271595e,75
3d95467fe,73
139aad8b2,29
c05075421,80
d16bd1260,53
6b8d9d74d,28
600bcfc2b,23
650d157b1,47
c3b24720b,47
cd4179139,4
8427d213c,52
792e61b1e,28
053198ea7,74
b78fc427d,33
3341a6efb,4
4ff54212e,73
8507d1b5e,48
5a68d7893,103
e0f2a0864,81
0be920d76,68
f1deb3cc1,73
63eb884ce,7
556f2c5c6,71
f5d022470,75
a3500e94e,4
997262689,43
7683668d8,75
0fea673a3,76
0cf33d505,73
fa1a492ed,46
092be0405,80
4746340a1,46
0555a95db,25
cb9adc4aa,86
135359fe2,68
15ca2c59d,67
eb86fad74,74
1289609e3,67
69e5888fb,14
ee559b5b0,48
e163f8333,73
18ce23111,73
4c91c2a8a,4
b1296679d,49
57f693d04,53
165ca8a81,103
358e5478e,49
4342207cf,48
029c37998,1
d14901985,4
088b35ed1,103
eab53f47e,102
41163300a,51
0f0ccd222,10
f7fd08c1a,102
79ec6e32a,67
4ce9bc001,49
5892ebde8,80
f7890fb5d,53
c0b653e38,5
2873bf12a,5
61da47774,68
2ef28fa69,67
288d4365e,68
a3fdd2210,43
0de25d05e,53
6e93d8d18,103
137107106,67
aaa8e6d3d,49
5954098e3,93
a0d752238,67
410d24f09,48
c68758b00,69
03c54f05f,14
419424bb9,16
49f98b25a,67
2ec187152,49
fdf659ef5,14
3be259713,75
790eb61fb,93
b273a1ca7,81
30bfe5b05,93
2ecf2e9de,13
9be9e90cd,70
b0bde1b03,93
da9de3c05,93
0a73725b6,4
919aa404b,52
c49f75868,102
ed55bdf99,49
cf8ee02e6,0
6036f3641,8
f20ae4712,103
c511b01f1,19
e5ee0be59,78
9aa3662af,52
99263d818,93
9f5e5ec3f,73
ff37e4d13,95
990ca8dc7,69
007455d6a,46
b6eb04bf0,73
27f69132b,91
afe1e4f66,103
baf87d0e3,57
a7d70c4de,86
69040ec2c,62
06acca7ac,50
8d60b7464,45
3dba87b2f,29
e58b03040,73
c12330d34,29
846099053,30
b364e8688,27
3756769b5,103
87f8091d2,90
baa0d1cb2,53
019a2efb9,46
f9c4254e7,0
6b82e86e7,7
7247cc6b3,68
7165bc7ad,49
d779dbe77,14
3c87fdc0f,36
961163819,82
3288217e1,53
60a40c037,74
f1177451e,96
035e7fa21,9
1c4bdac93,103
8b4dab7c3,99
59372c831,47
d06bf1078,67
12fb0107d,103
5359b52dc,67
1c7354786,91
ee9242d3c,80
6a1a8e17d,85
9643a628b,87
c76daa7f8,70
28ee705b7,102
6a099e4a7,75
53f3609ad,74
dfd946ac8,25
2bed40346,52
22eaa8132,67
a8efc4d66,49
58a2ab14d,0
85f57ce0b,71
da00cc5f6,67
958e9761b,74
c27d7bff9,79
f53f2f68b,76
27d271279,0
0b061eae3,14
630ba700c,95
4415b68f2,0
88d1747a0,72
d2927e981,22
5ccc5c940,52
abaee2413,49
f0f7be744,88
a7d9f1cdf,83
f7fe0d522,53
318d049f2,49
154f5a75b,46
c0ecf5eb5,8
58dc520a5,53
a77db045e,81
69a8e84ba,4
0543d5d92,49
6d711f23b,0
b8741ea9b,103
a4d628083,67
e1a0d5f24,28
52eae9528,13
0f33f1ca9,73
182c9e6ef,51
1a993f386,48
2406e977f,43
7927ce9c6,103
4a2dd1c8f,53
a0ebf07d0,73
f314ed416,49
3224015a6,25
ec33a58aa,67
e6b713626,73
46f84af18,46
157924ece,8
fc13d942e,70
7fad74e0f,41
d5cd9674d,49
2cb2c881e,29
8a7b93f64,29
60c188245,79
efd7dff01,93
143b75258,87
6dbeff852,103
c41a4be65,103
ac32140ca,50
f80f02286,67
0835292c7,53
07b1b8c87,50
f8da03f7a,102
40073bdcc,30
28f0909fc,4
256e89fc6,9
a781c6147,73
91275fda4,1
82b0ce34b,18
774e6e2a9,4
db0c2006b,49
b57f67883,46
e207a9c22,103
d7c723881,68
dfc9c6a23,73
dc0f9b59d,20
6e3303932,86
b0c7165ba,67
804f7c7a6,21
577793268,102
7d107974a,67
757866231,86
e8a1d04f0,13
64027156d,103
65d1f9b28,83
70077ecb9,49
35d5521e7,79
4a14dd513,46
7c9adc043,4
71c381469,73
1fea6253b,46
29f49cd83,48
8a5353b56,13
7748f8039,97
40ded13ea,49
cd503942f,91
b2b7e722d,73
18abb30af,103
250af268e,91
385906707,103
afc49f312,47
eb7854187,51
e1bcbc106,103
b9feb1bca,13
76dd2577e,32
8ba970109,21
74d672d39,13
e72d6bcc9,100
7668e5204,103
8cf4b952c,103
9c477d377,103
bfe43d44a,0
ee2ee5186,67
536842c4b,102
a3a17500a,74
206696cbf,87
ec9d1154a,103
26417279a,74
9732ad4dc,53
38477b2a2,79
82856ba28,45
f5ce3d423,10
5633f1101,64
7edbf1ca8,28
eb0f37d39,47
c63427eb2,56
65a3a7b6d,75
5aafe07bf,49
353bf092d,4
ad74613c8,4
ecaaa5ac1,97
df4ae0415,103
2a69bcce9,69
9390e29ac,48
9fe3b171a,9
fbae2fb1a,82
9e31cbe3b,75
f4feeb150,48
1f2621b4c,102
7263dccaf,103
f3300dab1,49
a430b437c,72
7f3e45975,49
7ff8d6f85,56
fe1669ffd,53
fb7d17d79,59
4fa678f28,4
3dd4e386e,48
3127f8637,93
0134f018d,53
f18556a22,12
55f00c851,68
7315d2e99,53
7e2ed4d52,0
1c35c04a8,49
dc4338093,103
734fc53fb,25
3f7fa081c,46
45a36938c,22
282419eda,46
cfcd57260,102
5b8579555,93
80ab4469a,69
fd33b68d1,80
fae67c6fb,4
6d0419afe,103
6b8f11ae1,49
b30719c82,48
2c0fac807,4
f5a7cbd09,75
100c6474a,25
5ed06cc85,67
fba0bb7e1,28
6f0d8372e,62
87a192226,69
7a7c505a8,95
9faca65ce,67
b909b96d7,75
5a3dafc67,0
eec53fb8d,80
1a96992d9,45
5d58d5dfe,13
1c64ecac8,64
cee0a6466,29
ed4b21055,12
7777e7e44,48
1f36484d7,40
16b341509,4
117551743,71
146463828,21
b80695478,91
d64daa728,64
12eb5dc94,89
4787424e6,46
ea072301c,50
3d5479aca,87
d913c762d,73
492cb82ee,87
ffe68f250,49
441f60624,103
13d3c108e,10
ff0e67f2f,47
75b41a741,83
504e1695d,14
83e64f32f,4
ed0b0e088,59
ba9e184b1,48
7f5479556,35
c6774c8ab,53
8cb3a6ba1,103
3085e18eb,0
b868bcb9b,18
16e29883d,76
01c00d9c8,0
7efb877f1,29
4c1b8a5c3,5
4fe7886e1,87
805d8722f,90
7fe424fe7,68
2ea467d26,4
061e6510e,55
7163520df,53
0c4cc8319,4
077e33f0c,67
7c3055bc8,103
f41acf49a,48
d782603ae,0
24d5596ef,69
787c185b9,87
444a5e9fe,91
8fe181d94,68
34d736b06,102
638d987cd,103
3076e7608,10
36d0c85f4,46
4546ad0cd,68
88ab1aed7,68
2c7ce5049,67
59265d2fa,67
6ef2473d3,9
37fdec841,86
bd612f053,52
6bced57ba,103
314dd31b2,53
92673a9aa,48
8d1bc9b54,42
348bfc268,25
ddb15721b,68
087d3bbf0,48
aa9279a0d,82
bc8917394,4
0476b626a,25
224416fdb,102
ed7123e07,7
3a01c3e88,53
cefe64b4f,72
11db2e1d4,73
c0654d4f5,28
e98492667,71
0c76a33ad,28
2538e0716,4
5e802f360,48
f267d94cc,102
63a4aed70,14
54f73d67c,73
d29cd9c2a,95
2cccd8e5e,73
acf17fceb,93
f4684cdeb,103
c357e5a70,97
02821f581,68
1e954dd4c,26
b687e4bd9,90
efdc65d2f,4
f0f900bec,4
f8aff0cd2,52
e722a8f86,68
ade6312b1,14
97a7c1e5b,60
dc5ba9ff5,48
6b1551121,87
6dc57d8b3,53
ab218ac50,70
f7696fbde,50
600693e8f,30
8fa0abb21,73
af2a02abc,77
240e151af,53
dc5498af1,52
bc62cedd8,49
cffa6d1a4,35
e788cdf9b,53
af8f1a4cb,75
9b1b30062,0
67e65b379,53
4e65f53bb,103
488cd2512,48
8a81276fa,103
867374cad,79
8a952300f,10
5bb0fd4f7,53
78bd1cad3,28
24032b382,55
a324dcaed,53
81bb11926,103
b9b1f27a7,5
9c1ca344c,67
a6105941f,95
22cbf6e58,30
b9811a813,60
55b323b0c,4
35b66a46d,48
999be9923,14
ada4b9362,103
e3c7bb70c,47
cea4d818e,91
f509e2cff,13
60711fbc1,48
56a33cbaa,67
f6e02f90d,96
eef64c945,50
1a9d0eae3,0
f735fb308,102
c33ac1a9e,67
ae3a8a68d,13
4d14ae692,30
ec53bc088,59
5d56a12d9,68
d9eedd469,53
6a69d191c,102
ca9c4b1e1,49
8e07cbf1b,91
f97785498,4
4a122e0ad,53
ea86d7b46,53
530bde853,75
e32696dd7,52
597bcc032,49
1548838d2,19
965dfff6a,29
84b9be4d6,94
85aeffc62,4
b3faa4ebc,93
54dc06c7d,67
4b57c7aaa,18
75906e681,41
80acbf30b,96
03536aa93,52
aa32d1bac,68
ce17d08ea,49
763b49b1c,47
f986f94f0,103
6a273ddf9,8
99be4bfbc,69
5112d23be,3
79f93fc6d,74
ed43b8e78,73
6aae558ae,50
405a7d77a,92
5ab25460a,84
875510d5c,53
b82a2a3d4,67
9290d73a1,53
7c2f23622,53
143e26686,7
004b88e09,48
2f230552c,45
3d99a3247,73
6016dd857,70
19466d61e,35
0c295f0fe,58
acd745458,30
f0f2f3e0b,4
edad0d3ee,48
5e01e9489,13
b9eed2baf,10
6899ceaca,30
f2586d647,49
24bc6b404,4
f0e91b85a,29
d0570b30f,103
e69fde9d7,77
61ceb0f5b,47
a853842c0,53
4f037af7f,46
36da5e9ca,53
5bf457360,28
d92a98c89,87
1559449c3,103
8b15247f7,91
d1b0f75fc,43
d96704410,43
4191e9966,74
d415cf45d,69
b32d80296,40
4b0320af7,82
491a37339,84
3962a6493,67
12b48d46f,68
28f90d5f0,19
8f8ba278f,59
4ddf168de,80
523dfab06,77
212081efd,68
6d00d0707,80
61290cc43,73
fc3f3fa1f,59
37e16acde,18
5a5e8deec,22
7a8a88b42,28
01c633ff1,103
b1d61c023,69
7acc72b45,67
e7292df85,73
3dee899f2,101
317b22963,4
4a3bed1ab,67
36af4c914,86
2d611a037,4
7db44032e,80
14d0bc36e,29
151cd8478,0
bb298dcc5,73
6d789c449,40
4b8fe9f3f,75
c61f34131,7
7cdae8d89,46
f638bd582,71
3dbd32e8f,74
289e5b823,4
3d199ab7c,4
f85f090f3,49
72b388c16,48
0c288213f,68
edca7ed7e,50
eaf19ec05,10
d753dc261,4
eefdd0431,103
5fc2cecce,53
09cec0e8a,58
9aa0562f3,79
fac7af031,10
6d34e11fc,4
15bbc7306,53
5ced5d4a8,72
d4ae8d14a,4
500c28291,4
1a25cc01e,60
4d0229802,30
4fc55f7bb,13
6820bdfb3,49
777ef8066,4
3433a69c3,50
0b8333bd9,102
503c5b1ab,73
f0de6586c,94
33d008671,71
385bb724a,13
0186b465f,48
4f49753d3,77
06ad3fc5c,4
71ee25b79,10
358cb6a28,77
8f76524a3,68
3d3dbb521,50
73a3ae7ee,0
1cd461407,47
47499b166,49
849e05914,103
7b825842e,4
6959092b7,85
2080c5234,68
50c9fd635,56
5e216ec7c,84
d70fac2cf,45
f2f66f2c0,73
dcdf04ae1,24
5924c5e47,49
f9acd27a7,19
492569251,14
6326ba8d9,75
e69beeff1,28
c0f132f35,67
4925bf95f,83
1d3f0519b,93
ad85435d5,24
f229ebf45,89
87a37b4cd,74
a6c8a28d6,4
6fb943b8a,50
5233ee8fe,61
92025e489,57
ab54ef65b,72
45162353e,75
efcc34447,68
a2fcedaf7,55
fd5eb7e8c,32
c3bcd37c1,75
aa070417f,91
7302be7da,67
07be81d64,48
5699993e6,13
cdbac498f,49
1a2e45581,4
54f09b0b4,39
185f4651e,67
467d1a4a4,67
c0e0640c6,82
fe843e592,103
1aeda3f6e,29
07e4f36cd,102
3c98993ff,103
7abf68943,48
b51c9863e,33
af51f29c8,17
41f6cf7e1,93
bf679c82f,56
d6f707315,67
abcdf9705,53
bd2e8c9b0,10
e830a4d93,11
bfcedb4e7,77
dc77fccc8,80
5ecc1c8bc,77
e33d3b318,0
60b3c1ec6,93
ee6340fc0,74
7605a3733,48
230302d1d,103
2e78d7d23,90
09780bc52,81
776074cae,56
d71ba33b6,57
7de565519,49
e9a190503,0
b319ff6ce,67
1432b2d26,58
d66f375db,72
0c8b4c597,49
5d35e5409,58
f0e0f2a32,46
f3d6a27d5,4
b41fe0aae,102
80d468ca4,97
0963e2956,4
60a51b6b7,76
9cb5c3012,102
8ce0043be,24
aa1db9aef,49
e8d0e382a,0
ccc54a4f5,49
a1c45a1eb,4
1b4b7b0aa,30
c3c540406,28
5fab0c048,4
ed849ee3c,68
b125a5970,96
b3411ee1d,55
64a27fd4c,71
54296cd42,96
5e003d916,52
be82bd09f,93
5b69d3121,102
9f80ffecd,79
e60d33c82,4
4c4fda276,93
50a645c94,43
dd4a193be,12
48b580700,49
ae61e912f,93
6581fb5fb,49
dfb7f1e61,14
873590360,68
91398b8af,18
9fcb174b6,103
1e155978a,85
0ac2378b9,74
a473f26bc,39
be2c310d5,67
220b46a44,0
88be303e1,52
a9a679316,73
539a14033,49
acc377b86,73
7b38952f6,102
79245d0e9,4
14519334a,48
c3222a379,67
d4f431dda,102
07565a412,94
7d7a8baeb,67
12c03d834,103
fee53d77a,45
874df1738,39
94693762f,71
902b5770f,5
f37a76430,67
6b7f80246,36
abf65b6e6,56
e696c6605,9
fdaf286c6,102
5b1892dfb,103
8f4a554f2,0
2a5d624ae,18
725cc0c4a,49
c210cba33,4
d81994ed2,14
f2d476916,47
a01133fe3,88
f76006728,48
ce6096353,75
0315a723c,97
2c9dc020d,76
81f2fa04d,14
c293ccc31,52
6823dfca4,13
de757dbb0,51
e810fbb6b,74
a2d6fcb7b,48
75a50917b,103
308dc8750,89
0d4b7df42,93
0e3a60b3f,53
9be084d41,81
6aa4095a3,49
99caeeea3,14
a19256173,94
fbceab432,5
c779948c7,63
25691eb59,73
9856ba8b9,103
a0d5a99e0,49
b7af85f6e,4
7c8007f01,63
ab905cacc,75
6ff58f465,74
c1435ebc0,72
b56ccfec7,28
5398f55f4,80
9e011c986,48
1336ca52d,52
8d8f3ee47,13
af7eab8ce,10
6386c2d78,53
b3cc561cf,29
14a804b2f,71
c29915daf,4
4884ed7c2,48
78f6357bc,103
b241ccc78,82
e283e73fc,45
6e7b662f3,74
d30f4ccaa,19
149d11de6,48
c90a12d27,24
5228fb3fa,48
4bfdec3b4,49
37885d3c0,93
465acfa7f,77
266ae8451,88
683ad13b4,102
1b3705cfe,53
8cee8b405,4
6c269a2b9,85
8ef4a7754,38
64c056f47,13
51b1f6a59,68
e3fb7b8e0,14
dd0839e53,52
2f4739680,53
e7ec33080,18
8d6e9cd06,94
35311eba4,57
096df77da,103
0950aa4c0,103
86935b0d7,68
f796dac32,93
cf192fc6a,91
1a33ad4d8,7
aa6a116bf,103
a7ab2ef02,67
3fbe83f91,99
2395c9740,60
b034c82ce,49
c8d684975,90
9e46889f9,48
a12ed8ec5,70
8d8c840c4,9
3c3316506,71
b7ff1634e,39
b8c434ee9,53
86afbe278,53
2afecec3c,49
a6e0df6f5,77
1fa3035ed,14
251a8d95d,73
3653292ac,68
050bb1262,87
91fae734e,49
3cf6321ab,102
df76ddfcc,48
db9c84b18,68
8097bc805,51
e96d15acd,73
cda807af3,103
afac3a5b7,14
9dc89dc6a,73
41eb38ad4,39
904bafc6c,56
34aceeacc,103
87a338501,53
d5d2c10fb,4
467a87b6e,67
2cf6e6419,91
d57064ac3,41
301054988,48
80abd878b,11
e9294bac5,48
ebc1583ce,103
3b3341edb,67
cef09a713,68
33aacd395,73
f8db20c1f,86
b35d89433,91
38d113afa,91
e95556293,49
40752b008,67
486ddc6d6,1
1706c5144,73
6318d6cfc,67
a6bda1044,28
f7107a3a4,103
0a825b67a,17
546ea2a87,45
3aafc89b3,47
f7f45e1d2,11
8846a7457,40
10b54687f,95
8b7a73f76,67
35e87cd85,81
370fe09fa,67
01337a0cf,102
618ad631e,49
6c1e0dfda,62
0ac5ebf0e,103
341538182,14
99e810fa8,48
c8e30f4c4,94
7eb988267,48
96112131f,7
5382ac6d9,13
5cc548c43,102
c92cdfeb4,27
be75d9856,10
fe9040ec8,48
f6d873abc,25
8c6fd0ec8,52
474219bf8,68
d55497abb,49
8361401fa,7
9843c53a6,87
d062630fd,97
c9ae3ceea,14
8fdb0b741,18
fe80ea2ff,49
b145790f2,95
a1e81894c,30
6cc8bfcf1,9
4194b2615,83
35aa8898b,51
498c0b419,41
f116f4ff9,102
494e86d83,67
67a25ece3,12
ecadeb0a2,73
bdf131dae,14
49f7cdb45,49
57a04f0ef,61
5b15fd082,83
0e3f76f4b,68
2a0dc41cd,49
f2a97a3bf,73
0f40f447a,20
62e5874bf,75
b796fe951,46
6ef97d18a,102
bac490985,80
23f960bbc,67
8d3aa53aa,67
2ae165ee8,67
725611911,23
b46f208b1,48
2fe816ce2,48
e44a6c4d1,53
027ff9d9e,103
3dc8e9edf,4
5b646246a,68
2c7a32907,102
e4ba02634,91
5edeca301,103
d2277f8e6,49
2451960a2,50
bfda38c44,67
7eb7812ba,68
0f25f79f8,21
8c7c3dbb2,18
f6f80e6cd,53
567e64f51,94
4565dbe4c,97
2d8c06a3a,71
a82ca5b13,4
8996126cf,42
d493e1205,103
96b039170,67
7c23c9246,53
2382c277f,48
cf3047df1,102
df3b6edcf,102
df8c1c48b,4
4646117ab,72
0072f64ea,11
ff9c8d8ee,24
a16eb5fa0,91
91db7053a,103
a97dcebf1,12
099a2107d,13
45a702ee8,48
1ff3a322b,65
d91b12e12,54
e1adf9362,49
64dfb8137,76
b52d8f0a2,14
eea83069a,29
db09a299b,36
bd3bf8f16,29
909e04f8d,74
855229539,72
d2e37916f,10
b390e248d,68
1bbcb152a,49
1ffdf0d9b,48
1461713ad,28
957f42d35,49
9af5f572d,79
e4bd15b11,49
6f81b250e,75
6759ac31a,103
64923375e,53
f347c4666,55
f2d41d6c3,86
f23084f4b,4
bd8830a6d,45
3920794fb,4
3901d45a9,103
b9f422445,51
5255b9b6c,12
0a8a36c25,48
92ec435fc,14
68596af51,53
d82441a6e,100
465605e5b,14
d829aea86,41
3b2fe5739,49
bdbec7ef5,103
64581ef78,4
582a4afd0,36
2bf04d18b,46
8716d5221,102
d702d0c15,14
bbad1c1a8,27
7725cb554,49
1fb45cb2b,46
09ddc01cb,20
a1bd64c5b,45
e60d19647,95
450dd240e,47
b67bdf3d5,13
ef0ffb5dc,20
a2aa2199a,0
a66f7bbc6,4
10101e982,50
51f6d891d,88
f4db33d12,22
c8ff3649a,50
02378eeef,67
5e0cdf39d,72
145628804,50
8a8fae985,78
916834e2b,68
94bd779c3,75
44903b337,67
2e211accd,102
0b619448f,75
e8cb185dd,81
06006e0c9,73
519f5b078,65
bd401fd21,71
330ca12c5,67
605131c3a,53
232a50a3a,49
9ff246fe6,49
d3cdb9655,103
3863b7205,67
563ee45dc,20
84fc267ba,86
53033eeff,49
805e9a7b0,67
77aa8505f,102
d0ee253f0,87
ce6f860f1,14
68b83ad56,14
420e4c39d,14
dfd66382a,13
0120d37e5,103
9cd6277d4,67
2861b1d79,70
40d992dc1,73
ee2fd195b,74
e5b0c4faf,71
36c65119a,71
5da2bfc47,49
ce60e5f2a,13
657a4ea19,51
f1495d941,23
0d3269c35,0
9c1fca4fe,67
08516fa85,49
c6e5bc142,39
2d54b796a,49
acc5f6c4f,81
58c90fc33,87
d1dacf9dd,48
61fab76c9,36
9c8dc2ba1,53
627f0996d,69
50f72bf43,68
9123fc9c8,75
e799e6e75,45
9ba7dcc7a,39
4fb5992b3,93
366fd6686,51
9deaf95b1,85
212497b97,67
960b40f5f,77
4f855f8ce,70
3ad3208cd,0
811add27f,94
0e0caa0a2,48
a9f3ec5aa,102
92d062d8d,102
a68286bc6,43
62b5e80ae,103
5c54f01e3,4
debf90490,67
01262c8b3,49
96cc54a3b,68
c6fdffb79,103
4b4223c92,93
386e40044,48
3a1c2ac95,67
622301a2e,58
f59c3ad7f,47
3599e2fbf,35
dbc26a259,16
745cf5ce0,103
e8a6ceac5,53
9e60a5b0b,96
f0727012b,79
db4859b98,93
46d095eda,39
0401b69cc,14
9b3779536,67
e68f95550,8
dacefb140,72
ea0b66dd1,91
dd88fcaa1,103
8af7864d3,4
a5f5634a7,68
ca256fab6,62
756c7c9c6,40
e93da9242,67
6180782c6,45
5134a2245,103
f718d5fff,76
69a2f544d,12
e881c39e6,102
c93150ab0,75
6760a8b60,77
d0bb3317d,49
7d7b3950b,79
76f661311,82
0c6b189f3,26
3f5c2bb22,17
e958b63e2,4
0b2640e87,48
53cd52d9a,4
4f2196c72,49
c785abe6f,103
d3ad608e8,4
a1b523d1e,8
bbaef0141,81
c0f55d16e,68
fd53118ce,75
925f36b79,18
842297200,103
d8f9c9f6f,103
2b47bed50,81
1329c5b4a,36
dba16733f,13
fd5cd4e2c,49
94d32655a,53
c393d0e16,4
3daea4675,18
f1e71c574,67
21ea59543,51
1dc077696,103
8bcc6b0a2,48
5d59f9a69,97
50fe6ebcd,77
6c925a18a,13
275952360,88
539e41e9d,81
1d51372a8,29
cafd03a2f,10
de9010824,4
b1391f097,103
9fb9a9e81,49
35946cce9,51
4e7bdb1cb,16
bba2d82cc,77
09ebedf6a,86
f68109bb5,75
ce27113a5,83
369e356df,74
85312fab3,45
2ae7f866e,50
410641125,81
189976301,36
dc826db21,12
f5e86abe9,49
01492b421,49
52e436680,103
aff590876,0
2a0a14e04,68
ff5d4568e,65
a7fcb3749,4
0d9e342f6,103
98fae1d61,13
2655440a4,53
d6cd39e5b,48
ca2cc5375,55
da5d0dbcc,90
0608f2ec0,25
014809654,48
c5fdb2459,50
fe6991e3d,75
f33705a47,73
e1b3d72dd,48
b9ba7799e,73
27dc84ff6,103
8876c6402,0
6bff70a64,54
856565e67,48
abb27a80c,77
65ad21fda,87
88a7e7bcc,68
7a512bfa0,0
e4c0f1e32,47
08a7d77fa,51
9ae160f11,53
a016dd653,4
b0f5721ca,14
3303a56a6,16
98320c076,48
2f1f2d1d0,90
07283a3e1,19
ff67d505e,14
6a664ced1,62
cad6a0d66,62
3088361cd,67
ee053208c,54
c128b1e28,103
8d36d1fd7,51
1eba038ad,4
9ada0d093,14
7f7c6d039,49
c5f7f7fe3,103
e2987599c,70
e72ba29c5,8
dc370d0dd,79
1aebb60d1,80
e6171fa85,53
c9db9600e,14
28462ed13,103
b601d9f8e,26
16810b3aa,71
1f750d4e6,4
1d49676bf,67
7de7343c3,54
1fc614660,43
5ff5a39ea,7
53622739f,4
02434c828,49
14ea3ffb9,96
cc98ccc8d,91
43c7672d1,103
dbc79f0f4,28
1886b234a,78
0a9e05e74,87
1d149bccd,68
103a4a0e6,49
abc1d37b6,41
ee6971d20,82
8d94bd8b9,68
b6bc88c1f,47
b83336a9f,49
f1641e325,96
7e3809573,13
8e681fe39,28
e730f38fa,103
af511f5d0,4
1fb1edaca,95
d28273036,87
10acd2f2c,68
14d3647ae,49
2deaeb284,73
3231f45f3,103
6a414bfdc,2
7cae1c547,103
a8ba067d1,64
8253629c8,49
337c0f7d7,1
3e4825fb2,86
735b3631b,83
855c5dccd,67
54a1667e9,67
67b0d01ea,67
08770c1d1,75
8bfb79995,4
ee23e898a,103
63bcdd5bd,49
69af53dca,76
c5d48fbbf,4
44c94e8b0,91
dc40a9854,7
72b3fdfe8,75
c51ad1704,103
337ffc67f,103
9b9e080c5,103
211c90566,49
9b1d44428,71
43428f900,73
9d3360932,56
c18a20c3d,102
817ab4ca5,74
82c3b7f7b,13
54d263a8d,67
721301e6b,4
a62dba9de,14
ad9aa2ae2,4
8303a6784,87
cd86aac5a,45
4181451b5,13
7827a1d5b,28
02055dd80,53
5d1259367,96
b4aa13520,103
c080ec831,55
240684145,72
522ea009b,68
cdf877752,81
001e13533,49
5f024c911,18
321437b6c,13
fd6b80e18,24
dc53769ad,67
f0f7de90c,49
1344e985d,75
18c7b92b8,46
497a53f79,72
0847f61d9,67
486248544,52
057112f09,0
7eb08a18d,54
a8f945820,90
95a6fdac6,65
dc39aab6e,4
ee83eaa8f,87
0535ccb68,4
010c5d8fa,75
5752ad3e2,103
ce136eb7d,68
7790e656a,53
2b07811fb,103
065817704,90
fac4230e7,5
8ecdad441,4
2cf137648,4
aa063d915,41
f8eb6ec7c,48
3052916cc,77
2cb6d8130,102
9a302252a,80
646e258ec,48
2acaabdf6,21
35b87f500,103
31dae2136,50
59b2a320d,80
d69a2d62b,86
d7388a066,53
f2419f856,90
7dcc4ff7e,86
fca2f698a,0
bf9e90a5c,48
216703083,4
2f9bf2b8a,41
a546be8e9,72
534b7cc36,9
66df2d548,68
73633e6bf,48
1363038b9,93
0fccb02fa,98
76809aa23,71
9e4eb029e,14
c2bc296b9,68
662f45b2d,23
977a23c97,46
706729fd6,74
9f2d4991f,68
991294873,21
f84be6387,45
7257ec39b,68
c96b560a3,91
d70ee220d,10
cc16ab1ba,10
eb0d37eab,4
9b9381ad6,73
e8c36457a,4
e665e264d,84
fb2895935,102
f534d4ae1,49
b299b2022,96
45ad763cc,47
167bb4270,38
38a3caf8b,91
b99ddd49b,4
1932af102,9
2313d0e1c,103
41f7c2604,68
30ecc23d5,50
3856fdbd7,64
9d3f09890,36
e2e8f7c06,49
7adb142c5,70
512aaea7c,99
94d387cd6,14
6f4179bbe,94
e345afe29,74
5f729cf60,67
a7af85579,89
8e96d5481,68
9174ed35c,103
334df9a32,53
8a566296b,53
d7b1f9c1f,4
9c0cad204,47
6f509e3dd,62
8d8da7a3e,0
5c8d0266e,49
bfd66b238,48
57fb229ad,102
0f9da9757,13
033f56581,68
47e7d602c,49
b764d3dd7,87
7484473e0,48
30b7ec090,13
38b929b8d,18
872eafd2e,73
5857637b3,103
e469820b2,89
cb59a4824,16
2a608c0db,48
b57f26c3b,48
a5d650b37,94
4dfea8574,75
8d808a07b,5
69c31f86a,0
4cf4ac658,64
b605cac2f,7
6e74639ff,90
b2104558a,65
3a49d5a25,50
d615fd16c,53
0dc26fe1b,77
7a9de4b35,68
d325e5d76,103
d90cad151,7
6ab2a7198,14
ce5f6dcef,103
197830e87,86
a16bdddf1,47
711216a77,71
452ec84b6,43
57c274565,86
8ccdebad5,69
cecc8c55b,50
e9fc9a217,4
e91cb4f98,14
086fcc48c,51
0d48d68af,94
0be01212b,82
8bb630662,48
24ef54ca8,29
74973ce69,75
fe737e3b1,57
4bef06f11,4
9ddb372cd,73
a9eaae137,75
14ad22971,49
c1d072b0f,50
10e3859fc,68
d3ba42b8a,68
a81b149d6,93
e21d2982a,49
1a5b47e16,4
4134d5714,68
805888e57,4
935518c47,57
63348128c,75
93178e5ac,75
5ce48d24d,13
398744450,89
f6820c410,89
061988edc,55
bd1b3d191,73
8cf5bf4df,77
083c5dcc2,28
0435e3c70,48
abe2e74a6,73
1972bae11,103
ecf751fe5,72
2bc5a1d42,39
2994ca253,53
710ee21be,73
368d86c92,67
8f7dafef1,0
903ae9a2b,91
68039396c,23
4cc12b820,43
139b1d751,93
6c7e15c23,49
887cceb1f,25
1a6b89e31,75
35bb514f0,49
e826a5f20,84
49b260995,102
1327f9bd0,53
528c13be5,0
92782ef45,30
0313e231a,53
1ee5a55be,53
45a842008,49
d53eb8a52,87
ce5af8fc3,24
2d9284433,103
79c5126ce,103
186a8ff9c,53
b61f62d90,90
854453303,53
623270c63,79
bd9cf6b4e,43
0dd4bac89,49
aa12729de,82
9a4b0da88,47
d8d27a914,67
0c705e746,86
f7457839f,55
2b08a162a,87
e2b90e868,80
f247352ee,35
543a799bf,102
af4873fe3,67
95eaa8650,43
4daec49fc,63
05071bc4f,71
4078e0b39,49
e69b66458,36
c9d5ec522,29
71aafc964,67
8a81cba04,45
8dbbf9d19,77
0713eb9a5,49
cbe14bd98,103
c38884c9c,68
42b0abd95,49
71cc05cc3,100
d3777d5cb,36
e2480f460,16
206b27d1a,5
9199afd98,45
7be31a9a0,4
640bd467f,74
6adc43d81,47
b79cf00ff,68
a2f66236c,44
c25b13b1d,11
a6ef2c9ab,4
ef40d788a,43
2ad78f9c2,43
f7034380f,67
cc0e98f9c,73
719a12da9,75
a645ada8e,4
26a9dc162,86
b335b5bd7,23
15ec03f5e,93
1d03ab65a,49
12b630964,24
8d195e4db,11
875858dad,75
37771fa98,47
505515f6b,75
1f7554862,66
46d056d14,67
0e4cdf053,103
a8e11ba37,85
5345fc847,66
16b00a5d5,73
7e53bd3db,14
1c63f50d1,0
afa55360f,53
3f3cfc6e5,48
9bb756baf,81
29040ce6b,0
1e8c44cbe,93
cd27460a9,50
64a087667,72
4abefc989,4
e44de523d,13
ca82d5eb3,103
3758eaf1d,75
6ebd051c0,94
679f13cfe,53
139bec7ca,4
6fd250f15,53
015a601e3,48
c6c801e09,87
22915105d,48
1e3e2da00,0
56cfcf9da,35
7371defc6,0
98e5cf2d2,91
35372e4f4,16
40fe28512,71
c9c4ad186,7
42cc20908,71
792982c6c,46
a7b95dad7,50
c1c26f4ec,4
4ba73aa49,40
73092f468,53
42fbaf02d,49
627e5cd5a,43
929ac8834,8
9c5095d94,71
187ba6ef0,36
9a513b251,28
1ce1a7e34,47
d14a0c9d2,7
218ffc7c9,58
5beab41c5,55
67cb3cf97,13
cb82723d1,82
5de25f69a,90
58c271df1,0
bee47a94b,103
3a3274d90,11
1f244d315,4
49f2ca2d6,65
f552eaaed,82
4a608f8ad,75
4ba2dc197,48
e0f242a92,49
4a506053f,4
cce4b16f5,72
65d4e9994,22
8e612d36a,37
4efdca978,75
6ea1e9ac0,103
38b48be78,72
848c7cfe9,29
37b58af62,89
7b566ed00,12
aa118cbeb,67
88728f169,47
3625c81e9,41
234f9781c,67
1446df348,56
da83fb069,70
62d2aaf89,48
367f31c9f,45
69f5b082c,34
a20b98b33,59
92cf0e905,82
2ceabb5ef,77
c0dd27777,48
f36c00407,103
63ed2755f,30
5e7372874,9
98e101a61,67
754250691,45
3fddc8eeb,16
ca53ebc3c,96
db53bafc8,56
839922a66,0
a6732ac2e,103
dd7ae60d1,19
9d65f5961,88
dc405fd04,4
bfefa1d73,49
de996c4a9,50
59f5594d7,98
2adebc1b3,73
7a552ca1c,103
18e22af9d,69
7fccc20cd,103
656c8e1a0,99
2e4395110,56
218676c6c,49
84412137d,56
a4f827652,56
45c11697c,68
27bf39b00,47
e7791dc5d,69
c127de43c,66
fb61eca01,103
4df5a7b4a,53
4250ed062,68
f7f77acb9,76
3a391563c,53
8ed239a08,4
22b20a20f,48
6ed6b136a,63
0497c3265,87
6550b53ba,102
cb5c98667,103
178290233,50
c86cce658,28
3a44b1b54,4
757541c30,103
689a0fbd7,87
11ed4fed5,67
2abdb1c5c,46
495523f05,95
d0e47da08,68
fa7866999,67
9de211ea5,14
973172c57,101
1d6fbd789,41
88d3afe93,67
3bfb94587,52
05ad9d40c,18
4c613566a,68
4091cbb29,43
bbf51ba25,79
c4c67ba42,74
f5c310736,67
e8bf3b5ec,68
a5c3359e5,73
dbff359cb,33
926ed805c,74
a3c091760,74
eda0c70e5,29
afdba6c0f,49
c90849e35,67
455ebacb0,80
42ce82871,75
f38eac7db,48
d2b091c3b,4
c67446d52,13
052f7e154,94
e45e707db,77
797da59fa,36
b74047d71,68
c61564271,80
f0a786428,57
c09ec978c,77
a46582e86,66
b3d9e6b6c,13
f337de2b3,55
e60c3bf54,5
75001ddea,73
c8aa236c5,53
d445b47b7,71
369693f04,103
1691d45e6,16
cd4b41085,103
f5ae2d10f,53
b2004fc1c,48
9750fe0c2,48
29a77c458,49
cde20b1b5,14
f3c3215ff,47
b15603bdf,49
10c508f77,10
0dd7f1f16,87
89c87633a,96
9351e7281,25
08263abdb,53
b0b2364f5,53
529f2ee42,74
9333ee3f5,103
00d32bef1,88
386369977,43
ccf2ec80c,16
c931dc74c,50
d0e1963b1,14
0ea98df12,48
d7d655c8d,100
5d3cac88b,103
39f2c9f4a,43
124b3526c,93
1151a0d22,79
2dd56f346,73
96df0c6bc,29
3267460df,5
504495975,49
666f4d363,103
3f7a7e0d8,53
92debc194,75
d5e054427,39
200cac2fd,79
34cc8d691,4
6ebdc31d7,75
3ad81fa96,14
3bb893d48,4
3d814b28f,75
f028e8401,49
abac36cc0,103
1777595a2,46
e3069605c,5
679f0dac7,102
89fb3d0d3,95
75607a399,72
d0a99b293,53
967c6bf80,79
1c1daa6da,45
7b53e5791,82
21d31d208,13
4d8257f18,53
8b2b9d6c0,103
5a33b53eb,45
de4b24dec,68
f5207be25,68
bb5a3fd92,13
63d72a8b5,103
33fd32684,29
84fece524,67
ada310267,49
79686d60a,67
40ff0c11f,48
207684fb9,39
760d22629,0
e1b63aee0,53
38b394064,96
500ac8bc6,49
9f447b11f,67
473c84ae9,103
531165006,27
3a1d5b5db,53
85934f1fd,57
43ac410fd,96
0ab78aa76,49
f73a6bda6,53
5ed355568,4
767a87c4e,4
2b9959134,0
fe214efde,102
461f4f5b2,102
abed810c6,90
3e7ae2503,86
af5e2bbd4,28
81c8c5199,53
b8e0b2ee2,103
29bfe409f,7
5586807d4,102
ccefc605e,50
3510270ee,27
b3acfed2e,62
36a930b87,4
b7c02d7c8,39
cb697da69,50
d78b3b629,68
a673ada99,7
ccf5f3de8,50
2c4213574,103
334118e8f,13
74ecc535b,55
916e18133,47
9011dddde,75
5bae6010f,49
9bf7190d6,71
c62460407,25
04e0d362e,103
abfe5bd86,68
328aba75f,7
b631d859f,53
532e6c637,48
111388cb7,82
93e296cef,50
402023b27,86
662f8bc0f,21
84b7495d6,4
c3ae73094,52
dfbb8c112,49
a8ec16428,35
50a1849f4,4
b04f7be54,49
a1ae9344f,49
aef983095,53
c3432750a,103
032ca1556,67
bd4976820,47
743a39958,42
30eaaa6c9,47
e00aa2535,29
d18e36dce,14
98a3b2209,45
3239f2f66,50
f94013d99,33
0aaa84d90,52
b8fbf9eca,53
ebc612beb,14
5f813832d,67
97808297d,80
adacc3a94,54
29bd0c56d,36
c48f8f050,50
061e3b226,11
0be81ab06,103
fbfb8db0b,67
53b2da1bf,47
47f7fcd87,50
8212b672a,36
87b9d4bb4,36
599713c6f,87
154896ab2,74
5bdd76ad6,83
fb745f800,75
a7c42fdb2,6
66d3a82e2,0
3bf2347ab,17
6f238770e,0
e1d159561,53
c7acfdba4,51
be953b60e,49
0ce7adbea,81
876b105eb,43
d6a792c0d,68
d08fafe17,4
a195eb3f5,42
b70f99706,14
d4ab201b8,103
263d09ca7,93
3beb40bce,82
ae2864464,103
3a9b30bf8,49
9a1c7e11a,76
9de01514f,53
ab35917f7,102
2ee9ba725,13
dd102e397,9
d376c4365,48
37aab2807,67
9804741b6,103
ac1156cb1,47
fc220624a,70
f2aefc6cf,7
f60ba81cc,48
c83f746ac,68
0aebb315e,95
93100914a,26
67cc6b5ab,30
cc9cd7803,68
37525f380,77
adad9bef9,49
27aa48f60,53
8ad5daf80,29
77767dd21,103
8965a61bc,49
bcd08a7dc,70
8ab8cb727,81
a2d5f3e8b,5
0bd70c4ae,50
15c1eb33a,46
86dbae006,103
5de6bcf29,14
e36cefcc1,103
23ea13205,67
31323febb,91
a40c5b66d,28
5ec4acbb4,54
7cff9aa7b,25
ebd745005,73
232ad11f4,35
e3b0ff721,85
923e37397,73
1a5e9517f,53
8ca2371d5,103
40bf06f20,81
cbf0f9495,22
1fe55a939,94
47c4e4fce,12
aa6a6c73d,68
8e66ce122,67
79bf0f076,102
a31f90373,103
0394a004e,70
78235a81d,103
5cdbf8228,73
931e94184,1
45bd6ecd8,68
9e87cc8f0,103
cf86bf7e0,4
0210ba20b,48
a959c7034,82
91433794a,49
99b639774,57
4e9ed92fe,67
b41a52def,67
e611ad6ae,47
5ee6cb24d,74
269d88554,53
4b2c0659e,72
dc4f97c9d,62
a35a4626f,58
66f455e67,49
ddaef039b,95
e8aba010f,67
2e9790332,102
d974a8a25,103
d86ebd20a,4
89e7620ff,39
367f0d3ab,8
be06b31f4,49
34baaa6cb,4
789e0279f,103
38faa7eb9,86
666d25d39,73
6a881ec8b,53
096e3e1fd,68
7a7fefad9,67
b3b55322c,45
6f40daa0e,67
13ae95d53,46
9980474e3,53
eda9f61b8,56
e4e3d8a4f,43
6aaaa29e5,92
547815be0,48
c46f7eba8,91
401b6e0c9,68
db2bf0488,53
564564fa1,103
996a4ac53,102
eed177624,93
b7ecbd370,103
b6ef5389e,75
4347196c6,76
fc8428025,88
56a02070d,95
ac263553a,52
785e7d196,4
28f52a866,18
4ae7d6827,40
21608cb5b,55
916ee9985,78
490efc553,4
50f97c747,77
0087eeefc,5
9244f8d54,0
516ef6822,4
8e5430d77,50
acaf761d0,73
f00ba69b7,0
6c4b066af,97
127e61a47,52
7a90903de,71
aeaf5ccbb,28
87ad47626,86
62a682a26,53
67ecf7563,73
109a722a1,78
5febcda99,13
691ff0015,73
6eeec13c3,5
5b9abdbc8,103
26f0c457a,13
7409a08d2,48
a08ff3c7d,28
bfcb81efc,48
bf9efeb37,4
d14992eb2,88
e91e87dd4,93
da0a25a77,48
ef9591f3f,10
487fc089f,53
c52257cf9,98
d00342c5d,102
364e07591,103
ed8c3c3f8,78
dfb5140d1,73
3ff1824db,73
f67596886,74
3ee4afec0,49
7f4520e95,49
c87bbe155,67
74ee51f2f,4
1c8122f7e,103
a9cfe91af,27
dc9af495b,81
5e5acfa07,103
b7ad7d574,59
9ea847197,4
a9f0935ed,76
5e2692d15,39
36c344ab5,0
832bbc430,47
997575057,77
4b4291637,103
9556bf430,103
7300f20e6,96
b09f6318c,102
23cce6771,48
8260f8641,4
3c525cead,49
21a0ef857,28
0fc65150e,50
288feaf8f,77
1984a614c,0
3cf28a050,55
410639882,29
19e95658b,45
1f8e21c54,49
649dd8ff0,55
0dffe81ea,13
6f3f4d188,100
c36b30d62,4
1513105d2,67
f5da36491,67
5f0542bfc,74
1fe1e5c34,53
7b46c52c3,47
a78af18b7,53
d7a64d386,34
54cebd37f,91
af669d8e8,103
20563ebbc,75
7046567c4,13
89f3b6297,42
176afa321,49
cc99ce5cc,95
a497a8c2c,50
351f462dc,67
04bc5ff61,21
dbff9bca9,1
bd4f8c863,45
979d4369b,88
77f19a3b9,12
5f8f53f23,103
9f392cb03,80
9b442480c,28
4afa6c98e,69
76c56dda7,76
afcddfdcd,91
003882deb,43
95c77ab53,4
ceb261e4c,53
343f4db58,53
41e36fab5,53
d19fb376e,10
d77fa0d2f,53
efa3cd848,95
6a3ce1e4f,88
dc8dc1ad0,45
8d5b79bb4,16
1157fe26d,43
d4f750507,68
c71b3e27d,48
9e9dda9fe,52
69ca9a78b,36
d9a8f22b3,103
63bec561a,95
96c6c97f9,70
14057210c,72
b5fd14fbf,28
509965df0,53
51d6b9846,53
29d710a29,103
2575123f6,39
6a6689958,49
6b3b8d49b,47
486d538e1,49
c548502c7,27
4f363e9db,67
28dd39f92,73
7ba1904a2,4
1b426a50d,36
439c8664a,76
e45a81eb4,71
a007c4ce7,36
085b33a8f,79
fa0d9a392,53
2669b2dde,49
132144011,55
a73efac60,39
46002f8b4,48
8df2a19b0,0
08d076fb7,53
82e9c6954,4
a7eb19305,67
17ec6d74f,4
3ae3126c9,57
4612e397b,14
4181595b9,13
7dc69b4eb,7
6afc9ee54,67
6463c47d1,93
616bbeb90,73
53d90c2cf,33
f29fbbe61,22
0862d460f,47
7560dda12,49
8deb17128,53
fcb1d086a,49
29add8561,4
d8f1c6f49,28
64144b5a7,49
f985ee0da,102
adacbebc1,55
42a9682a8,73
850acae7e,68
706bd2088,88
ab3bcad5b,43
aa2b95145,64
121fbeff6,67
078233359,53
7ebeaec30,78
0dac4246a,68
ea85ab37b,56
a0dbd84e8,73
f563b8f1b,49
9fd265646,103
e1f2ff623,82
f2cfe18dd,103
f3c989c3c,8
75bb87271,5
cf787b891,75
435e0f59b,38
6a9f813a1,73
c4727766b,33
cd35b6b36,13
7a0cfe114,39
5ac870ba2,94
9372a8558,61
afbdbbf2b,13
613831ee6,73
2eb1d2313,32
0d613de49,49
557900fde,28
514b8d03b,82
38cf8682d,28
a0c7302d1,69
70d635915,83
bd6ee4ac7,67
09c2d54ec,80
057cfa1b3,58
ba4caa600,103
2ae85b034,79
5a74ce4ab,9
166c6bbf7,85
8429cc1ab,67
b5eb21e9c,50
1d9693978,47
55dff9997,13
f01658320,53
31fd82f08,0
bb4688502,4
2d10d39ba,93
184b78ad0,53
3af79d01e,9
62a410cbb,102
7d759eb81,98
21b24a7fd,68
fc70a3b37,10
7d2140905,67
88226300c,13
a02dbf1a3,26
e00cdee28,75
91ed2728b,103
a84815a9f,4
abea787cb,37
80d50c469,49
6a8422b82,48
68510e311,90
90452c872,73
6569b16eb,29
77fbaf59a,28
8e6591362,25
77628c813,71
5f3773437,13
22f63c29b,79
19f37512d,80
8fe41c548,12
7e58b251b,47
1fed3b30e,87
3dc7bb76a,73
65c796a0b,56
2e36d4f93,13
85b7e1897,4
c6bb832b3,67
ff2e1b825,102
f2defaf74,103
f83f81e9c,30
b382faa85,82
e41a75354,50
14a69e3ad,75
cd6fb957b,80
d5766b84a,94
fb83a0899,13
73b47d713,73
5c1b0f7ce,14
c701bae84,30
a2b22b6cf,71
085ed175a,4
6802325de,24
e43587721,103
8a5e8c715,103
3edd04c83,100
b4405e586,13
9d9605a15,49
a39a47b84,45
2623d36fe,97
bfa9dec26,56
1adf45393,30
e2372e47a,102
40cec32ac,68
27c66fcb0,4
9c54f2285,71
78c02c2f5,25
58df72bc0,5
bc4c39336,59
fd34d7c8b,8
9015e43c5,50
5b3de280c,30
cf95485eb,75
b651d313e,51
0e6c034cd,80
a7b14afce,13
981687c64,24
885d5d2ef,49
8e07336d7,59
eb2216bf9,88
ad3eb529c,49
4d1ef02af,70
630ddb37f,4
319a4d6d7,39
7dce481dd,68
15442a507,43
e7870e8a8,4
0a399baa5,24
0d989f57f,76
e16606faf,56
80ceb515c,68
675e1db7e,75
36be47274,46
fcebd07c5,103
656cc827c,103
39b18554c,68
d96c3a358,90
9d96a6d82,87
c4c802142,53
671c7b595,87
e40a71ec4,88
8848222b2,55
15cb0c24a,78
f2c6cb2b4,103
816ea6eb9,4
67a4a4d91,68
c144ae440,73
c49cb046d,35
322b5e989,87
ccdbfbc8c,87
ac7c6ce37,79
cfe6b80bf,29
e4cac2e07,67
c96004e94,67
298ade3a4,103
2841a62a6,9
6db87048e,82
7b89cf590,59
baa4deee5,28
35e005ed6,42
a8d7d90ae,73
6fbef3988,73
f6ec8db9e,29
947bca713,67
29026b0a6,74
d0cd8ecb5,102
74bec8798,49
315d0c65d,103
2013e7b99,59
a8b29edd7,4
5ed174c75,67
76311e00b,7
4f02105f5,67
cd4bca93f,49
4a9a2ca92,67
a6e295583,48
2b313ee7c,103
18fba1554,68
7db900a9f,103
f9f196acc,29
4e19a3a2f,4
c2d8b52f0,81
151e1bb21,46
30e68f7e7,103
3294f5eb0,8
3a81df4d4,37
57d893ed7,72
641ae8aa0,12
8919d694f,86
adbd3dcf6,58
6eefb96f0,14
175e8c4fa,29
4ec8b55c7,48
14e124c03,67
c9c069119,83
82a37e873,103
e3542e88d,9
0d7c08885,29
7e1f50feb,68
ff2804289,0
7153f9700,96
61486eb05,80
60ba7e522,71
04f9e9721,4
92d8c290d,0
2429cadb3,48
fb3530a46,103
4ed9720ea,90
9d388b6f4,103
8d6118759,9
9367b53dc,42
51e3f656c,40
da98b5bac,90
0d5832dd0,93
7dea65fa8,8
d1eebfd7a,9
d2cd8b9fe,47
85bde49f1,51
e53134336,75
730cbd08f,68
53a05f5ad,103
71273ba15,47
f4ac8bd6c,0
083109f62,10
f7ad645eb,68
58ede4d43,77
fda42498c,47
720920606,51
deb71b934,62
25b6d41a2,29
8e6d1a140,57
5da84086e,42
b8fd3b2f7,41
653dc3b58,48
b7063973c,4
20079ffd6,49
388606357,68
4cbdaf60c,48
41a9e2617,53
0d69ec15a,68
6273f48ef,73
41beb5c12,95
d9af9a571,91
abf89f144,18
55683854c,13
6dfa10ee9,68
083ee0c99,75
9304e605c,38
8745560e0,101
a31e545e0,48
5155022aa,64
dba8e8e9b,45
60c0ff1b2,25
37822e7db,86
fe2bfa700,45
1474acef0,53
6cf753c72,87
9ed2586ca,77
8a8eefe09,93
ae016f27f,68
1ac744f9f,88
141ee85b9,47
e59f4958d,90
0664c88a1,4
f8221646b,86
c92860c63,103
55a2149cb,68
e8c49e13f,103
6cd161345,103
95a484b75,53
dd103a297,53
0e1199571,42
407df102a,40
45655caf4,73
ada0d1354,52
fbc1f1f89,1
92d447000,16
5a11b89db,72
9256e64b8,13
702cf1671,68
caf89a8f1,77
a8338c626,22
bd3518b92,30
1394e9ef2,73
b5fdbbd19,77
97beecd94,49
817066a16,8
f789af170,48
473db5fc1,49
f4f248df9,49
8024a233d,86
65bd3368a,47
0b5c8e646,94
ac1af6f95,86
e9928cf8f,4
fe590ee52,4
6fed43511,0
7b151e3d1,50
06a1a191b,15
847ffdf2c,73
dc4a5c985,77
df16e4771,45
9eea9316b,0
b7f261913,67
f2d9b993d,79
73d04b4a0,82
46241640f,48
2c9e28482,67
22324cd72,103
07f8cc8ca,41
994b891a6,86
d8136729e,9
3714d19b7,47
07b2feecb,49
960cb8c40,72
f38c7346b,21
599d64d01,43
8a6ff36a7,93
11300f71f,49
c3ecbced7,53
fb85ca687,53
7eba030d5,4
0cbc27679,45
c2d0ff1e1,73
b72fe5b8d,48
4d41db87f,49
e203d6713,88
8fc000b1f,0
ed0be72ef,67
c8c88493b,81
7f6076e29,103
ddbf2eac2,67
3c1645928,43
ee41c42cc,10
496eaacf5,48
888fb3305,91
db49060ae,14
41af5743a,90
ad9a77e7d,68
3c5103dc0,74
ea0d2354f,53
0510cce3f,73
5d17abe47,0
4289422a5,103
8988c222e,58
12d007adc,48
b845a0f00,14
9b9c0e574,73
380c9c318,73
e57ba8f31,10
3db6ed179,0
5ff30ec8b,24
aeb6e32ab,55
fc4e90060,50
5cc2f95e9,62
b0ddbab02,49
630773b7f,75
5a078c961,67
6e979324c,77
3f1a86245,67
3a9ac1cd1,103
83714b580,67
b84a40e10,0
ff264d2db,45
f03697dc0,50
6485b01ac,87
27a95ef27,48
e95ce8077,67
cf68a6af8,82
48faecd45,73
8c026ccfa,50
6162cab31,18
8d73023b6,53
67ec88f39,56
440daa96f,29
278e2fa12,67
ebe718ae0,49
6abbdbbe4,73
66574442d,53
adce755bc,77
e046fb456,4
f55caa50e,69
df723f46d,35
5c66ca3ec,47
78be4d100,103
c84ce54d5,4
5e76ba18f,0
4a5172bd5,88
09c208a92,103
7d2f35248,13
4fd1724de,63
bbbc5f9a8,81
50a98363f,102
5ff57970a,64
5a86ac765,51
7e5967223,103
6b3c00c84,4
c67210c70,14
be3a7698e,73
85f3749ca,14
8b5aa768a,90
dbeef740d,4
01597bbec,91
47f7f9a06,10
3e7922328,97
0422f8181,68
60e283191,4
d75974136,53
5f1a08959,4
da3a23d4c,48
034fca563,53
8128b8af9,87
bb0b0e551,88
c1573a6be,9
2b95366a8,68
19e07f757,67
5fbdf775d,80
9cf28dce1,103
9fe09edeb,103
19b046852,55
60c40b083,14
a17d53e19,102
9dec6e6da,78
059ea5059,91
4a30cdae9,8
d85ac7942,49
e72c5d3a9,48
98cb45c72,94
284bb203a,46
65ce506a1,75
c2c5a8cc9,68
709d4aaac,42
d8ca58a4c,52
c19d02d04,84
cd6748273,57
336577848,49
bcebc0b3a,72
7dcf1e590,73
bf195e5c1,19
aaab6a867,14
54493a1bd,12
e42b8cc4b,4
05d03cdb2,16
4641d6c81,49
27178e6d0,49
26c144947,53
7b63ffb33,49
504ce2b94,77
b2d9ede68,102
e2aef08ca,70
cb22250ca,9
f3b8a1077,67
e8746af68,103
33a504d5d,16
3655fe917,103
4c79f68f0,62
991b607de,4
cd29fcb6b,9
ed429fccf,91
bd3464591,91
603490d95,47
fc836e711,103
278e6c9fc,75
a36120551,4
3b6693e00,50
52592a2ab,48
481c58d57,54
d828c217b,90
b70a1ef51,96
932aeb630,47
e914d195f,74
3f6b5757a,48
c2a609ae7,41
7c3e5c00d,46
c08671252,103
6abf7f144,79
ff1935c29,47
6f229cb58,67
776fe6e63,67
26b8d61ab,50
347f41bd1,57
941dde56a,13
a98328317,71
26a59215c,0
4fd5cd91f,68
ef761a150,83
b87e16bc0,49
97f545d6b,73
6e7b8fa3b,75
a11b09e07,48
bcc60f666,41
3aa210981,4
75eca83b3,52
ffed2a555,73
edecaff0a,74
1fda84008,53
23052c6f1,4
f80c8bbf5,67
5fed86a73,5
77ad23821,46
5e69e6a8e,0
360538bb1,7
2b91acd3b,13
906ed5d8d,23
e925b2ba5,29
e7393ca3b,52
cfbc79ec1,103
2a8131dc4,49
34f820893,67
e6c5fe236,75
1a5872fb5,30
3469925a7,102
f41d18e37,67
c8c7e71fb,8
d12204c77,28
4374d5272,4
ef68e319a,102
e6c9612bf,81
87acecd2a,14
b0c17d5c1,62
4ce386ab0,4
7223d356c,77
6f09acc36,75
76b0d0576,91
2688859c7,103
39ceb1ff2,45
b5e238431,71
cad0e063f,67
8f04c2207,28
f0bdd22d9,79
816ada493,48
3526d7815,103
4c0a72203,44
acc347bb6,46
2d0832480,20
b0f5e118c,0
e8add9fd5,4
4cacbf1fc,33
8dc5fdc92,4
92b24e585,49
f40dffb83,73
18ed42876,103
2f57d711b,96
83a004123,57
4028851f0,78
377abf496,4
c2300272e,71
3b39970a2,102
915159fd1,73
6896dbe36,82
b9b88996b,103
b7882444e,72
755794886,67
026d342fe,50
5a00bf031,53
7fd945d34,53
049402ee8,103
a155b0167,51
0240a9430,75
a7464ddab,103
51d113f3a,11
f5a3fd7b5,56
25004084c,83
a2b4482dc,35
6c95b6248,14
56c86b9c0,73
cab155898,102
69e41bdea,42
532160a43,53
6c123c407,73
bada5fd0d,50
e1177c121,80
bff69770d,68
8f029f975,24
09c8ebae3,103
4f06ca2cd,82
a9b1f63d0,53
bce37c882,91
ae05e03cd,49
869035e2d,25
0b1ddcd93,77
226a4258e,71
c4a376520,47
b78e121dc,16
26cf9ecfe,93
c87d22df3,50
15f331c1c,0
36c06efe6,53
68b3481c2,12
1218dabe7,93
437e2a9cf,49
7b1e459ef,33
8794f7787,91
9067fb1fe,47
a2d9d460e,52
ba763e4ad,47
e6c3f8ec8,21
67556ec2a,48
fb094c9bc,67
ba757db32,0
8f2f9d451,69
c5c1962bb,14
57b85fec4,38
01520f1c3,73
6201345ad,79
9a33c631b,8
be75bee29,73
4fd8099de,14
afd01aca5,45
459ef45ac,56
1c0c4fa86,19
d94097494,48
77b8cd935,76
db95e1a99,102
1b2d48186,91
7fc947bde,4
38fdf8c81,67
3cc7863f5,4
70c95a76c,4
a3d0ecd9e,48
3bef19347,72
057d2b6d4,50
d9aa13213,53
c2ad42df9,67
7b437ba4e,47
6115fb1ac,102
370c2501b,79
8a1f6d193,67
c2fe4e836,77
fcb500296,71
b2cdea1bc,8
7b506b5bd,7
eb09ff6cb,65
4575d8130,14
272457fe0,68
1971e15b7,68
72d1bf434,68
de847e487,53
53a6ecdc4,41
fb9a6a9b5,53
904f86ba0,28
c8349d602,67
978697ad4,4
2bd2ebfa9,96
760068096,68
a256f13ff,79
56bb538b2,49
1cb8e917f,50
46017b3ea,14
78f5768d9,12
47134493d,67
c571990d4,30
597ea383e,57
e635de77c,94
bcbc0ec93,71
36d4c70b5,53
581ead9fe,49
6387659fd,13
9ed93a956,53
4bc218fab,73
6b5cf2a71,49
972c95932,48
1f21ecd18,103
35e573945,0
e5540e0f5,4
a4a05f743,14
031a7c19c,48
3c425da53,53
6cf4b47c1,68
8960bdc5f,40
38765c6bd,48
d0411902b,68
c590e76b2,4
797d44519,14
43f34500d,103
562b2d688,72
f880b1d01,39
b64db46f3,102
4ea1d0d52,12
e27e698bf,4
2f0224a9f,7
e20191edf,43
d4a2a2f29,53
d95bb7f70,74
2b71757d7,102
0523c9801,36
57d3813ab,97
dac6805a7,35
ea16b16c6,82
06c56276e,47
07ce81250,30
46d8e8e19,74
6aefb94a6,83
f6dfa3eaa,68
1b8a45d4d,53
5e2f03974,14
d5e4303b9,4
d97675b32,103
05dc093b8,67
0af1026b6,50
56e37b524,46
f73820e9d,73
524961d31,86
8228ed988,7
920247fd4,81
f670aa5ac,4
8a4dedc87,71
2d1ee50cd,77
f1184530f,68
4f4574478,34
9009c7887,88
534764190,4
92d56d30f,28
dcbd123a6,48
114c7355e,56
209b4da16,21
43fdb00da,49
9a3a414d4,90
3c401022c,48
28aef7cc5,54
b7ad587a2,28
abd803ecf,73
aaafbe4e9,17
8de4ec677,67
d9e1e54c4,73
07184caac,103
9debacefe,0
ae8e3af92,49
d32d6ccd9,36
4cf56a9f2,96
3da7aadde,68
306cd2f2b,25
6504eee67,94
c72964068,4
e46dce22e,48
a6ade9e09,48
a8a8b4261,4
0b9841d58,45
7f5d5cb8f,10
f78d35dfd,103
241202d64,47
78ceb6218,67
2a40c5664,96
3e0dee547,49
7504b36cf,13
1f00c0495,73
8afd1d330,103
9cffa1c67,49
0e7c4c272,68
e7d7fec7d,46
2f90dff16,0
82a14f17f,48
0a63cce73,53
8e75c9098,74
a8c934e35,89
1711fd57d,73
433c9564f,73
5934fec49,24
7b1177392,49
1a6e886f2,13
89c19cf37,1
2ccf28e9f,53
894696267,70
20aea9077,59
69e822cce,0
0fdf5073b,101
9a2fc15d3,102
0905820a2,67
31750199b,3
4f756f230,71
a43f7fc0e,13
9c64cb14d,29
4e8b618c7,67
08302b7a3,68
f247862ee,24
d8346f57e,68
7dd683db0,68
a0bdfb2d3,36
9a970ddaf,80
707ccc2fb,102
d8437a7f7,90
669487461,75
5771f876a,83
6a6ad6ad3,67
78c19e86d,49
25e5d12e0,13
cd009e1a0,29
a21a2c1b2,4
d6c7e918e,68
56f31776d,73
d7e737749,98
117831b8b,47
82df3c1b6,4
5574a3c79,0
d710d0940,14
a475599ad,94
3d6f46c76,5
a7df3f054,48
b5422eec0,42
f6f3f541d,73
bce577229,59
2a5df761d,4
544ba8771,96
05c992976,7
a0ea70e97,11
d45c77b42,75
ae62dc8b0,73
dc2cac36b,4
5c597c7e1,94
25079853b,75
de06ff6f7,103
26806e9cf,24
a6672b875,46
2d40a8e47,4
e3fc821ef,67
2ce1e0b6a,91
dda771b4a,29
9154cfc20,53
392443fe6,68
3912b7506,11
6395b130e,36
a024aee0f,24
da4a55d56,47
e2e81b2c4,94
938b2ff4f,58
2f75192e2,103
261838dd1,53
2f5064517,93
6473786a6,68
1ef2e4de1,76
98cd24c97,82
bfb86b915,103
ea6121903,49
fd7cd952e,49
7fc99345f,96
4c25aa614,68
8c59b2b7f,77
4e686a694,67
bf6653e3f,4
3db5a2d90,13
ce824d546,43
19c5ba9b6,4
9944acf36,70
f95d4b24c,67
d46919710,7
2b7cf3253,49
d8749b8dc,102
6bc102ec4,4
0fedbbf5f,79
61e0f377c,71
6f50f7647,49
ca1b7fcd6,99
ec53f72bb,10
ff6213278,73
8c66b87c8,67
e1f45be9f,17
a567d4a59,68
69d14fa3b,14
5f2c16024,52
f90f6d589,102
003b89961,49
b9fb3d0cb,40
4dfa64964,75
9ce1a30b6,4
c63df66ce,41
08ffacb06,18
2bb868394,76
a7046c744,19
e34772216,67
a9cb1cf8a,73
3eee745a9,80
310f07ff4,73
64327e651,67
6485978a5,43
dca3a0787,80
a0301d0e5,4
6a29fea52,80
8a223576f,64
03f8a7638,68
67873d67d,76
8304d7230,101
39bb94d66,67
f822afd0d,73
2b4be937e,102
3496823c5,45
e1da2a9a7,14
be7a473f4,103
45c23ce20,36
894eeb28d,67
9a167fc40,77
7182235fe,68
ec09668c7,79
98dba17d5,68
bcbb5c787,50
ba23c645d,4
1f3e62b48,52
a11918aa3,86
2406dc526,0
f91c76038,45
ab06cb3c9,73
ec357f612,55
53d1111f9,5
0d6befa42,90
b145fd2da,103
54b876ff5,5
22cecb30b,49
f35bba490,59
d5888b919,4
c2d849108,81
c74e100ff,50
0d0b4631c,13
73f18defc,41
7af25ae57,81
288510b49,84
6034d93d9,46
78c58095d,73
3ed70f179,103
68d5dc3c5,40
8b423a167,11
9e9f2f914,13
258ff457c,39
fea37b294,14
7a011cb30,45
2a017a2ec,36
a939e29d9,36
b2b4ffcd2,52
5f66aedb4,18
7894b3f5a,69
da2d9bde4,14
b8c5eeb8b,14
4a03138df,67
c3a60c66b,0
014bc73f0,48
906121480,75
a622a8c05,68
69ed9d7a3,45
06291a920,74
4e43a75b1,52
a83db002c,13
311799a0e,103
4e4504ced,68
a599e44b9,53
52178db26,102
d9268cb57,5
2d0752813,103
47830a2a1,103
bc199fa70,72
a8ae0ccc3,83
7cca3e7ec,48
f86503c22,53
2178a407e,67
be5a25da8,14
2f8b40852,103
d314c03fd,14
2f4a6e151,14
3d000dd19,79
d7a9e0691,74
18d6844a0,74
b2662c86e,64
77f6880d2,49
974a99cd3,0
44fb03a32,14
b30c2d7fb,55
b5860475f,102
d31117d38,49
e752f8dfa,29
e646d3124,0
a80f444a2,46
f5b855bb6,68
5153e1522,71
478fd662e,47
a85a06d9b,70
4479a460c,48
53be7448d,71
9416364da,90
30e82e694,67
a1ca4c928,47
0bdbc4859,67
5bd9a3483,41
bed5ebc31,103
fc354c0c0,23
c4c78dc65,47
496bb2adb,80
b0d0e7cd7,103
043666ac5,47
56737d31f,60
e7d33e06f,4
a1b4dc452,53
7eed3c569,68
645e0448d,67
c359190d8,75
c32f14d9e,49
ea8dfdeb3,34
21ca80954,62
eac0fd0b9,53
25a24e8b6,46
cc4399647,103
c6baa2b95,90
e24d7d290,4
523ec62fa,10
3cd423fb6,4
bb0e5dbe4,93
f49141ac9,48
9e421d059,36
37b17ad81,13
dbb2bf69b,5
4156a2861,13
48490759b,68
a1ecb0622,81
d2dc27a1c,49
99617ebe0,87
af4d8f92b,4
d1e91d28a,4
23e50dcaf,73
7c8c55147,73
17c2e1b73,64
3dff55658,103
cd88f6d4a,8
8198687fe,54
eef5aa7f3,29
665bfe8f5,28
25405d6c9,13
20ac1c597,88
dd20b2594,89
9ec15c151,71
2a5e80a12,102
61f07f2d3,11
01863f6d7,73
5eb9825ce,67
940485a6a,67
9409f8d69,102
f9b4d0e4a,67
0551c57d5,14
2212d47f2,55
db735ff57,17
6db4781a7,45
b9bae6b0e,68
237fe1fb0,67
48e65f113,82
1da642ca9,14
fbc29acc1,58
ce434f86b,13
4aea86d3c,102
ef591cabd,4
6e644aad3,18
85d30d942,47
719e9e88d,67
da76579e7,57
85e11330f,82
7b1267e49,30
c223fc7dd,4
07f963c50,18
91212615a,8
7e517b238,93
6c14532cd,103
32a2079ff,87
23d5c512f,63
c1c3919f0,67
4bf7df629,49
ed55919e7,83
5b89103cf,14
7c10f4b8b,25
bda439192,53
f250dd64e,86
dc680460e,71
688223573,48
656a556b0,9
cb02dfd8e,53
35faa30eb,101
5aab08428,28
ecd73311b,68
946ef4894,55
e3beb7e77,67
1d1b18d38,48
faa0dd647,24
f95b41656,63
6025abd59,30
37090107a,79
a2606d96b,45
6e4e60f69,30
f6610b1d4,4
d1b715fc8,1
9040a1e5f,29
408b2d234,4
352a2c45f,103
9e3ca10fb,47
d39b5658a,76
5413350ec,102
c652a7499,53
79cb3514c,68
7cb07f8df,45
35b89eb8c,14
64f0cfc26,4
e3b70ca71,49
648319d0a,60
a94c4d821,68
323884b26,49
8c0995d82,46
b96651b6a,80
fe195b05f,4
ddd24583b,94
2ee5a9066,53
1c4ad0e13,14
9c2f4d9ba,76
4d88ed603,84
5e35708ec,59
c2a426d70,103
75d3452c1,82
a7e869862,43
c162978be,67
aeefaa66b,47
2309219de,73
53d9b87f7,94
a44826a0e,102
f21ab1aa2,85
1a7463151,68
f938ff523,53
c01254e45,50
2cba09f03,48
14fe67e77,94
82f95de55,4
1867b3487,36
4d0ffe92c,103
f65475a24,75
78a777eeb,41
d6ded3726,103
2a94eba93,7
0e538051c,32
43e458e40,61
57cdc3f59,103
ce028c60d,82
dbe5bf31d,80
c301cdf4a,91
dfb75caba,47
8664c38e5,56
3c22e0a0e,103
3b197ec5c,51
45093c3fd,75
fb8d27d87,16
4948e3ecd,103
4acd9d511,87
f1f288bd8,81
77759374e,48
c7cd71880,13
02e2f1ca6,103
f0dc59c83,68
339153138,53
f938b8711,40
6fbdee8bb,103
5f15c8bd6,83
78a91fc04,73
897e8e24d,73
05a947c38,49
2e478a3cb,103
36f394d24,49
1ac65f43b,0
4dbc5fc3c,17
bf8a78505,70
8d0b21b05,9
0bc95f66e,36
5172a3da6,67
fe3642b3d,14
14024c433,47
cfe404d71,52
96993f959,49
d9d6e7525,95
bb9565c29,57
ee2886544,36
6d48de3df,87
ee705e49b,82
b80ea5db7,58
d4610121f,75
b7aca2c8a,56
6f845c04e,80
4c039d563,4
dfceb73a0,53
83abaef21,55
10bd19c33,49
c3d234832,53
97cf2d9a6,30
94da0ee7f,47
7a538b99e,83
4c9f8b6cb,10
e87c94e9b,67
26444f504,70
cbbe148a1,75
25db0cefa,86
7bba13923,48
a5b6a29c8,2
6a1072588,79
e0c7c20d8,93
359625cf3,83
f029a3429,57
3b7f6b220,103
cdfa5a4b8,75
110f7428e,72
2858fae7c,102
83302ca82,16
cf1ad8706,53
769f6fb8d,80
4c1941cfc,13
49292d94c,46
ba32fd161,73
af181a2a3,96
25faa6813,48
6a414839c,4
fd1ebe8cb,103
070a1abea,14
24bc9be2b,103
9dbd813fd,12
52dd86f38,73
98033c300,53
6cf44ae8e,75
95d50723d,57
8257df18f,70
5dd6b63d9,103
677dcf9b6,5
b05b5e5ed,53
4de97f685,68
3665f35e2,62
f83823a7e,14
92e74b080,49
d36d163c8,47
d08960735,28
2fa4ca1db,67
3bd1136ef,41
63ac3780f,49
6fcd677ac,46
bbc846996,21
353d4bd0e,13
151b27a24,0
f88f94471,4
7271d34ab,74
e758b0185,97
b77626f46,4
5d796ff7a,59
9a879fb6d,67
0b1605a22,71
eb5ed44cb,103
829bcc49e,102
e2e96c56a,71
dd9f61326,71
0501292e5,49
99f5a507a,73
6285f24d7,4
90a369187,0
600da56b9,68
e109f9b0a,53
1bf635fcd,53
04ec1f692,50
e8636b839,75
9caf3507d,50
d8f8bccc5,4
501396f2e,103
ddc1eacff,49
b17ebaed0,103
8899c2050,103
7d6a2ef07,36
1f42a9439,27
b8e1080ce,13
911c029b5,0
08c3da1cd,97
a391d5adc,48
87a93b8d6,103
b2d489e27,53
1f937e111,88
5998b063c,86
a42065058,72
50749d154,103
7c9f01509,48
8fa8ee1c5,53
bd439cf5e,49
cbff5d0c1,75
40eda589a,73
8a693ad10,47
5d06b5c76,67
4d8731d6a,49
9e006b3d6,48
fb56bcd7d,102
87827d39e,72
74837e719,4
a1eee5a29,46
5e56f69f6,83
d0f992c31,96
93f493575,49
c8b1673ca,73
7089f8683,62
26914358f,62
0aa405eec,45
44ad68c26,49
e6dc466d6,74
10c4c8d44,86
ab254cf0a,50
8918114fb,14
2939aa5df,103
e75ba2d32,103
3debf4070,41
fd311eab7,49
d8909ecab,4
a86d3684a,75
9b28c9ce7,62
0875c4f20,67
a4841f6e7,75
5acae87e6,87
6f9686457,67
97de1dee0,11
0c3928144,102
3d9c51d3d,54
9d8d9607d,68
536be8fe7,56
ac869f858,18
841a4bd7b,89
6e16e769d,77
377b22380,41
e0a576d7f,73
007258826,78
7dbc5a9f3,49
fe1615399,46
bc08f60aa,4
441472ae6,9
651a0b6cf,4
a29fae12a,103
29fd845c1,103
63de51e03,90
d31f5a836,47
37cb79b63,103
da176437c,45
f69a85264,48
1aa8492a8,24
a810efddc,68
99f271a51,12
9167143fd,94
67fa9ad3f,73
a8a7882c3,4
6f725ddd0,80
eeb419776,74
121fc6463,4
b688ee356,89
7e3369c19,83
05bd91dd4,10
8af4a8896,73
c1f89f237,103
e028101c5,4
4e1eb807f,68
6bc2469f2,48
07ccfbc89,73
3680129ae,4
a1cce28af,4
86f5cdedd,13
8d4368f5c,95
a575e3bf7,30
28c5b096e,14
f16b7e08b,26
1fb27e305,0
69c63b4fd,103
3d44a717d,73
f26f199fb,39
69239f8e7,76
4e99c537e,82
5940f63c4,53
23ea06b99,73
fd2bd5f1e,80
c39bb3b9f,103
ef9f75d12,47
d8f64062f,48
27455ebf9,4
4751e93ad,4
319090100,91
3f315b0cc,74
abd018788,14
e44ef0f10,80
0d558f91e,53
51c386b65,76
0faa6c65f,68
da1b9b717,93
b95364dd0,103
89ea4a518,49
affce3819,4
99c05f8d5,53
3a456593e,4
075d6bb86,74
fe0e1d7c2,103
51f607616,73
5285b9c84,13
3df11cf29,101
b45b3f474,68
733de405f,94
f4672d1aa,48
9d77e8b46,91
771b14071,48
431a635c0,102
054de124f,80
8261e8f5b,13
7e6854001,76
7b1773554,71
035d2bcd9,103
537f040bd,5
a22110e6d,50
41ab6b40a,102
4dc902039,4
502aa0fed,48
71d39517b,52
e1f685853,79
aeb2bab6c,68
e12b35292,45
b8f76869d,76
50bb7de2d,75
8a361b630,102
a4cd1d43c,86
146fc86a4,64
1d73dffbc,86
c7d865058,4
40daf3243,21
9ec91d6b5,35
82aa265b0,49
c36c6ab5a,49
a025436a1,18
6896b5c5a,56
ac63c6d38,45
4b49bfc87,102
abddbf3d0,82
fc7362a16,13
264d83a6c,72
71c57f5bf,4
0395f93d8,47
64213e873,102
96f729725,51
401730197,76
03e5f5846,4
ee64fb7d1,91
392d70bc1,103
ac6d42eca,46
1f65738b8,4
9b608697d,6
396d20b5d,93
cc599caf1,12
4cb8ab033,13
fc2f9869f,75
423c62bbd,49
3cb2f9e9c,72
e269805f6,22
674e50421,67
e774787e4,9
d97f377fe,48
7547be627,49
501229169,67
bca2de14e,103
1d88115ad,4
aec93bbc4,68
2a99b0118,59
532c117fc,73
7ce82e1a4,39
06a271f97,51
138275e36,41
564a0856d,75
1f673a775,53
90b57e4a0,4
2c302c916,87
34302ff94,102
6f84aa228,14
9cd366371,4
4f4f5f14e,82
ce1019f58,36
8dbc94744,68
66e6f6938,47
fb8be9bfa,14
7d6edd6f1,71
b1f3717dc,67
d01453352,102
27391414f,77
00e4f514e,49
431dab6d7,51
250f30059,18
61f3da6ae,103
dc7a50dab,103
e7638c0a5,73
0b9edd8f9,49
b63c59f86,68
462a4b1f1,37
c964a7aa9,62
0ea779a14,12
88f6fd6e4,4
5c9aadf3b,85
7a8d95cdd,67
47611c7b0,13
bcd68e6b2,48
a6ad089f9,50
815b552f8,61
57f44a56f,4
ce6b9b704,0
5287898d3,16
d66dec02b,43
e2a511303,48
18b1c8787,28
dcf4672c6,103
56cafc1c8,85
4a5d43a96,47
98bb92c1e,68
39e73d88c,14
2a98afbbb,67
d12bd1d03,76
a2ca3206f,103
6f88cabe1,16
0d8d7ecde,94
1770a3955,53
5c5a534e3,68
a9a93e3a0,16
7cac453ad,49
08710eaac,76
53ef32294,67
5e45c97c9,77
ff5892e0a,72
3569ab6df,68
29c460e2b,53
e56916c4c,67
f553000bb,46
27e7900b8,67
925de0d45,11
404661213,72
1b0684dc7,75
d18ee118e,7
7dd20f99e,10
631f04e66,68
afbd78d62,48
c9a7eae13,102
694b396d4,68
c3ddcd12d,48
762c5e25b,67
16f9971d1,70
b33fe8ed7,29
d0bd30dd2,102
20e92f82d,49
0d7eab0ce,94
fd0121113,73
abd425a9c,79
5eb03fbd3,103
f2cb54027,93
1b7916b63,53
b466a17e8,67
931cd1858,4
e4e16eb70,30
4f1f1670a,47
9efbbd641,13
ddd367d19,42
6094552e3,94
e9483b3b2,74
9d7b004b2,75
0571dcc03,45
052e7f031,49
3744d58d1,49
075602d66,88
b4d954bdc,14
f84335116,53
6ab138316,95
